<?xml version="1.0" encoding="utf-8"?>
<openerp>
    <data>

<!--csv.file-->
	    <record model="ir.ui.view" id="csv_file_form_view">
		    <field name="name">CSV File Form View</field>
		    <field name="model">csv.file</field>
		    <field name="type">form</field>
		    <field name="priority" eval="5"/>
		    <field name="arch" type="xml">
		    <form string="External Referentials">
                <field name="name" attrs="{'readonly': [('state', '!=', 'draft')]}"/>
                <field name="path"/>
                <field name="quote"/>
                <field name="header"/>
                <field name="model_id" attrs="{'readonly': [('state', '!=', 'draft')]}"/>
                <group string="Files" col="8" colspan="4">
                    <field name="file"/>
                    <field name="file_csv_separator"/>
                </group>
                <field name="field_ids" colspan="4" nolabel="1" />
                <field name="state"/>
		    </form>
		    </field>
	    </record>
	
	    <record model="ir.ui.view" id="csv_file_tree_view">
		    <field name="name">CSV File Tree View</field>
		    <field name="model">csv.file</field>
		    <field name="type">tree</field>
		    <field name="priority" eval="5"/>
		    <field name="arch" type="xml">
			    <tree string="External Referentials">
				    <field name="name"/>
			    </tree>
		    </field>
	    </record>

        <record model="ir.actions.act_window" id="csv_file_action">
            <field name="name">CSV File</field>
            <field name="res_model">csv.file</field>
            <field name="view_mode">tree,form</field>
        </record>

<!--csv.file.field-->
	    <record model="ir.ui.view" id="csv_file_field_form_view">
		    <field name="name">csv.file.field.form</field>
		    <field name="model">csv.file.field</field>
		    <field name="type">form</field>
		    <field name="priority" eval="5"/>
		    <field name="arch" type="xml">
		        <form string="External Referentials">
                    <field name="name"/> <!--#TODO: Only show when parent.header is true-->
                    <field name="sequence"/>  <!--#TODO: Only show when parent.header is false-->
                    <field name="field_id"/>
                    <field name="type"/>
                    <field name="file_id" invisible="1"/>
                    <separator string="Import CSV Expression" colspan="4"/>
                    <field name="import_expression" colspan="4" nolabel="1"/>
                    <separator string="Export CSV Expression" colspan="4"/>
                    <field name="export_expression" colspan="4" nolabel="1"/>
			        <separator string="Available global variables:" colspan="4"/>
			        <label string="self - objects pointer" align="0.0" colspan="2"/>
			        <label string="uid - current user ID" align="0.0" colspan="2"/>
			        <label string="cr - database cursor" align="0.0" colspan="2"/>
			        <label string="re - regular expression" align="0.0" colspan="2"/>
			        <label string="incsv - value csv to OpenERP" align="0.0" colspan="2"/>
			        <label string="outcsv - value OpenERP to CSV" align="0.0" colspan="2"/>
                    <label string="row - current csv row" align="0.0" colspan="2"/>
			        <label string="value - value return" align="0.0" colspan="2"/>
		        </form>
		    </field>
	    </record>
	
	    <record model="ir.ui.view" id="csv_file_field_tree_view">
		    <field name="name">csv.file.field.tree</field>
		    <field name="model">csv.file.field</field>
		    <field name="type">tree</field>
		    <field name="priority" eval="5"/>
		    <field name="arch" type="xml">
			    <tree string="External Referentials">
                    <field name="field_id"/>
                    <field name="name"/>
                    <field name="sequence"/>
			    </tree>
		    </field>
	    </record>

        <menuitem id="csv_file_menu" name="CSV File" parent="base.next_id_9" action="csv_file_action"/>
</data>
</openerp>

