<?xml version="1.0" encoding="utf-8"?>
<openerp>
    <data>

	<!-- For BOB Installation -->

	<record id="view_config_bob_import_form" model="ir.ui.view">
		<field name="name">Configure BOB Import</field>
        <field name="model">config.bob.import</field>
        <field name="type">form</field>
        <field name="arch" type="xml">
            <form string="Configure Your BOB Import Options">
                <separator col="4" colspan="4" string="Configure BOB Import Options"/>
                <field name="company_id" colspan="2" groups="base.group_multi_company"/>
                <field name="location" colspan="2"/>
                <newline/>
                <field name="path" colspan="4" attrs="{'readonly':[('location','=','remotely')],'required':[('location','=','locally')]}"/>
				<newline/>
				<field name="zipped_file" colspan="4" attrs="{'readonly':[('location','=','locally')],'required':[('location','=','remotely')]}"/>
                <group col="4" colspan="4">
                    <button icon="gtk-cancel" name="action_cancel" special="cancel" string="Cancel" type="object"/>
                    <button icon="gtk-ok" name="action_create" string="Next" type="object"/>
                </group>
            </form>
        </field>
	</record>

    <record id="action_config_bob_import_form" model="ir.actions.act_window">
            <field name="name">Configure BOB Import</field>
            <field name="type">ir.actions.act_window</field>
            <field name="res_model">config.bob.import</field>
            <field name="view_type">form</field>
            <field name="view_mode">form</field>
            <field name="target">new</field>
    </record>

    <record id="config_bob_import" model="ir.actions.todo">
            <field name="name">Specify BOB Import Options</field>
            <field name="note">Specify the company name,type of the BOB installation and Path or a zip containing the BOB Installation Folder.</field>
            <field name="action_id" ref="action_config_bob_import_form"/>
    </record>

	<!-- Operating for conversion of .db to .csv -->

    <record id="view_config_path_folder_form" model="ir.ui.view">
		<field name="name">Select Folder for BOB Import</field>
        <field name="model">config.path.folder</field>
        <field name="type">form</field>
        <field name="arch" type="xml">
            <form string="Select Folder">
            	<separator col="4" colspan="4" string="Select the BOB folder out of the list given below."/>
            	<label string="If the given list appears to be empty, click Back and select a valid path." colspan="4" />
            	<newline/>
				<field name="folder"/>
                <group col="4" colspan="4">
                    <button icon="gtk-cancel" name="action_cancel" special="cancel" string="Back" type="object" context="Back"/>
                    <button icon="gtk-ok" name="action_generate" string="Import Bob Data" type="object"/>
                </group>
            </form>
        </field>
	</record>

    <record id="action_config_path_folder_form" model="ir.actions.act_window">
            <field name="name">Select Folder</field>
            <field name="type">ir.actions.act_window</field>
            <field name="res_model">config.path.folder</field>
            <field name="view_type">form</field>
            <field name="view_mode">form</field>
            <field name="target">new</field>
    </record>

<!--    <record id="config_path_folder" model="ir.actions.todo">
            <field name="name">Select Folder</field>
            <field name="note">Select Folder.</field>
            <field name="action_id" ref="action_config_path_folder_form"/>
    </record>
-->
    </data>
</openerp>
