<openerp>
<data>
    <record model="ir.ui.view" id="analytic_partners_analytic_account_form">
        <field name="name">analytic_partners.analytic.account.form</field>
        <field name="model">account.analytic.account</field>
        <field name="type">form</field>
        <field name="inherit_id" ref="account.view_account_analytic_account_form"/>
        <field name="arch" type="xml">
            <notebook>
				<page string="Partners">
	                <field colspan="4" name="address_ids"/>
				</page>
            </notebook>
        </field>
    </record>

</data>
</openerp>
