<?xml version="1.0"?>

<openerp>
	<data>
		<!--account.invoice-->
		<record model="ir.ui.view" id="voucher_invoice_form">
			<field name="name">voucher.account.invoice.form</field>
			<field name="inherit_id" ref="account.invoice_form" />
			<field name="model">account.invoice</field>
			<field name="type">form</field>
			<field name="arch" type="xml">
				<field name="currency_id" position="after">
					<field name="other_amount" invisible="1" />
					<field name="excise_amount" />
					<field name="retail_tax" select="2"/>
<!--					<field name="latest_date" />-->
				</field>
			</field>
		</record>
		
		<record model="ir.ui.view" id="voucher_invoice_form1">
			<field name="name">voucher.account.invoice.form</field>
			<field name="inherit_id" ref="account.invoice_form" />
			<field name="model">account.invoice</field>
			<field name="type">form</field>
			<field name="arch" type="xml">
				<field name="date_invoice" position="replace">
					<field name="date_invoice" on_change="onchange_date_invoice(date_invoice,latest_date)" select="1"/>
				</field>
			</field>
		</record>
		
		<record model="ir.ui.view" id="voucher_invoice_form2">
			<field name="name">voucher.account.invoice.form</field>
			<field name="inherit_id" ref="account.invoice_form" />
			<field name="model">account.invoice</field>
			<field name="type">form</field>
			<field name="arch" type="xml">
				<field name="date_invoice" position="after">
					<field name="latest_date" select="1"/>
				</field>
			</field>
		</record>
		
		<record model="ir.ui.view" id="voucher_invoice_supplier_form1">
			<field name="name">voucher.account.invoice.form</field>
			<field name="inherit_id" ref="account.invoice_supplier_form" />
			<field name="model">account.invoice</field>
			<field name="type">form</field>
			<field name="arch" type="xml">
				<field name="date_invoice" position="replace">
					<field name="date_invoice" on_change="onchange_date_invoice(date_invoice,latest_date)" select="1"/>
				</field>
			</field>
		</record>
		
		<record model="ir.ui.view" id="voucher_invoice_supplier_form2">
			<field name="name">voucher.account.invoice.form</field>
			<field name="inherit_id" ref="account.invoice_supplier_form" />
			<field name="model">account.invoice</field>
			<field name="type">form</field>
			<field name="arch" type="xml">
				<field name="date_invoice" position="after">
					<field name="latest_date" select="1"/>
				</field>
			</field>
		</record>
	
		<record model="ir.ui.view" id="voucher_invoice_line_form">
			<field name="name">voucher.account.invoice.line.form</field>
			<field name="inherit_id" ref="account.view_invoice_line_form" />
			<field name="model">account.invoice.line</field>
			<field name="type">form</field>
			<field name="arch" type="xml">
				<field name="discount" position="after">
					<field name="exise_amt" invisible="1"/>
					
				</field>
			</field>
		</record>

	</data>
</openerp>