<?xml version="1.0" ?>
<openerp>
    <data noupdate="1">

    <!-- Languages -->
        <record id="res_lang_Afrikaans_South Africa0" model="res.lang">
            <field eval="&quot;&quot;&quot;af_ZA&quot;&quot;&quot;" name="code"/>
            <field eval="&quot;&quot;&quot;Afrikaans_South Africa&quot;&quot;&quot;" name="name"/>
            <field eval="0" name="translatable"/>
            <field eval="1" name="active"/>
        </record>
        <record id="res_lang_Albanian_Albania0" model="res.lang">
            <field eval="&quot;&quot;&quot;sq_AL&quot;&quot;&quot;" name="code"/>
            <field eval="&quot;&quot;&quot;Albanian_Albania&quot;&quot;&quot;" name="name"/>
            <field eval="0" name="translatable"/>
            <field eval="1" name="active"/>
        </record>
        <record id="res_lang_Arabic_Algeria0" model="res.lang">
            <field eval="&quot;&quot;&quot;ar_DZ&quot;&quot;&quot;" name="code"/>
            <field eval="&quot;&quot;&quot;Arabic_Algeria&quot;&quot;&quot;" name="name"/>
            <field eval="0" name="translatable"/>
            <field eval="1" name="active"/>
        </record>
        <record id="res_lang_Arabic_Bahrain0" model="res.lang">
            <field eval="&quot;&quot;&quot;ar_BH&quot;&quot;&quot;" name="code"/>
            <field eval="&quot;&quot;&quot;Arabic_Bahrain&quot;&quot;&quot;" name="name"/>
            <field eval="0" name="translatable"/>
            <field eval="1" name="active"/>
        </record>
        <record id="res_lang_Arabic_Egypt0" model="res.lang">
            <field eval="&quot;&quot;&quot;ar_EG&quot;&quot;&quot;" name="code"/>
            <field eval="&quot;&quot;&quot;Arabic_Egypt&quot;&quot;&quot;" name="name"/>
            <field eval="0" name="translatable"/>
            <field eval="1" name="active"/>
        </record>
        <record id="res_lang_Arabic_Iraq0" model="res.lang">
            <field eval="&quot;&quot;&quot;ar_IQ&quot;&quot;&quot;" name="code"/>
            <field eval="&quot;&quot;&quot;Arabic_Iraq&quot;&quot;&quot;" name="name"/>
            <field eval="0" name="translatable"/>
            <field eval="1" name="active"/>
        </record>
        <record id="res_lang_Arabic_Jordan0" model="res.lang">
            <field eval="&quot;&quot;&quot;ar_JO&quot;&quot;&quot;" name="code"/>
            <field eval="&quot;&quot;&quot;Arabic_Jordan&quot;&quot;&quot;" name="name"/>
            <field eval="0" name="translatable"/>
            <field eval="1" name="active"/>
        </record>
        <record id="res_lang_Arabic_Kuwait0" model="res.lang">
            <field eval="&quot;&quot;&quot;ar_KW&quot;&quot;&quot;" name="code"/>
            <field eval="&quot;&quot;&quot;Arabic_Kuwait&quot;&quot;&quot;" name="name"/>
            <field eval="0" name="translatable"/>
            <field eval="1" name="active"/>
        </record>
        <record id="res_lang_Arabic_Lebanon0" model="res.lang">
            <field eval="&quot;&quot;&quot;ar_LB&quot;&quot;&quot;" name="code"/>
            <field eval="&quot;&quot;&quot;Arabic_Lebanon&quot;&quot;&quot;" name="name"/>
            <field eval="0" name="translatable"/>
            <field eval="1" name="active"/>
        </record>
        <record id="res_lang_Arabic_Libya0" model="res.lang">
            <field eval="&quot;&quot;&quot;ar_LY&quot;&quot;&quot;" name="code"/>
            <field eval="&quot;&quot;&quot;Arabic_Libya&quot;&quot;&quot;" name="name"/>
            <field eval="0" name="translatable"/>
            <field eval="1" name="active"/>
        </record>
        <record id="res_lang_Arabic_Morocco0" model="res.lang">
            <field eval="&quot;&quot;&quot;ar_MA&quot;&quot;&quot;" name="code"/>
            <field eval="&quot;&quot;&quot;Arabic_Morocco&quot;&quot;&quot;" name="name"/>
            <field eval="0" name="translatable"/>
            <field eval="1" name="active"/>
        </record>
        <record id="res_lang_Arabic_Oman0" model="res.lang">
            <field eval="&quot;&quot;&quot;ar_OM&quot;&quot;&quot;" name="code"/>
            <field eval="&quot;&quot;&quot;Arabic_Oman&quot;&quot;&quot;" name="name"/>
            <field eval="0" name="translatable"/>
            <field eval="1" name="active"/>
        </record>
        <record id="res_lang_Arabic_Qatar0" model="res.lang">
            <field eval="&quot;&quot;&quot;ar_QA&quot;&quot;&quot;" name="code"/>
            <field eval="&quot;&quot;&quot;Arabic_Qatar&quot;&quot;&quot;" name="name"/>
            <field eval="0" name="translatable"/>
            <field eval="1" name="active"/>
        </record>
        <record id="res_lang_Arabic_SaudiArabia0" model="res.lang">
            <field eval="&quot;&quot;&quot;ar_SA&quot;&quot;&quot;" name="code"/>
            <field eval="&quot;&quot;&quot;Arabic_Saudi Arabia&quot;&quot;&quot;" name="name"/>
            <field eval="0" name="translatable"/>
            <field eval="1" name="active"/>
        </record>
        <record id="res_lang_Arabic_Syria0" model="res.lang">
            <field eval="&quot;&quot;&quot;ar_SY&quot;&quot;&quot;" name="code"/>
            <field eval="&quot;&quot;&quot;Arabic_Syria&quot;&quot;&quot;" name="name"/>
            <field eval="0" name="translatable"/>
            <field eval="1" name="active"/>
        </record>
        <record id="res_lang_Arabic_Tunisia0" model="res.lang">
            <field eval="&quot;&quot;&quot;ar_TN&quot;&quot;&quot;" name="code"/>
            <field eval="&quot;&quot;&quot;Arabic_Tunisia&quot;&quot;&quot;" name="name"/>
            <field eval="0" name="translatable"/>
            <field eval="1" name="active"/>
        </record>
        <record id="res_lang_Arabic_Yemen0" model="res.lang">
            <field eval="&quot;&quot;&quot;ar_YE&quot;&quot;&quot;" name="code"/>
            <field eval="&quot;&quot;&quot;Arabic_Yemen&quot;&quot;&quot;" name="name"/>
            <field eval="0" name="translatable"/>
            <field eval="1" name="active"/>
        </record>
        <record id="res_lang_Azeri_Azerbaijan0" model="res.lang">
            <field eval="&quot;&quot;&quot;ac_AZ&quot;&quot;&quot;" name="code"/>
            <field eval="&quot;&quot;&quot;Azeri (Cyrillic)_Azerbaijan&quot;&quot;&quot;" name="name"/>
            <field eval="0" name="translatable"/>
            <field eval="1" name="active"/>
        </record>
        <record id="res_lang_Azeri_Azerbaijan1" model="res.lang">
            <field eval="&quot;&quot;&quot;al_AZ&quot;&quot;&quot;" name="code"/>
            <field eval="&quot;&quot;&quot;Azeri (Latin)_Azerbaijan&quot;&quot;&quot;" name="name"/>
            <field eval="0" name="translatable"/>
            <field eval="1" name="active"/>
        </record>
        <record id="res_lang_Basque_Spain0" model="res.lang">
            <field eval="&quot;&quot;&quot;eu_ES&quot;&quot;&quot;" name="code"/>
            <field eval="&quot;&quot;&quot;Basque_Spain&quot;&quot;&quot;" name="name"/>
            <field eval="0" name="translatable"/>
            <field eval="1" name="active"/>
        </record>
        <record id="res_lang_Belarusian_Belarus0" model="res.lang">
            <field eval="&quot;&quot;&quot;be_BY&quot;&quot;&quot;" name="code"/>
            <field eval="&quot;&quot;&quot;Belarusian_Belarus&quot;&quot;&quot;" name="name"/>
            <field eval="0" name="translatable"/>
            <field eval="1" name="active"/>
        </record>
        <record id="res_lang_Bulgarian_Bulgaria0" model="res.lang">
            <field eval="&quot;&quot;&quot;bg_BG&quot;&quot;&quot;" name="code"/>
            <field eval="&quot;&quot;&quot;Bulgarian_Bulgaria&quot;&quot;&quot;" name="name"/>
            <field eval="0" name="translatable"/>
            <field eval="1" name="active"/>
        </record>
        <record id="res_lang_Catalan_Spain0" model="res.lang">
            <field eval="&quot;&quot;&quot;ca_ES&quot;&quot;&quot;" name="code"/>
            <field eval="&quot;&quot;&quot;Catalan_Spain&quot;&quot;&quot;" name="name"/>
            <field eval="0" name="translatable"/>
            <field eval="1" name="active"/>
        </record>
        <record id="res_lang_Chinese_HongKong0" model="res.lang">
            <field eval="&quot;&quot;&quot;zh_HK&quot;&quot;&quot;" name="code"/>
            <field eval="&quot;&quot;&quot;Chinese_Hong Kong&quot;&quot;&quot;" name="name"/>
            <field eval="0" name="translatable"/>
            <field eval="1" name="active"/>
        </record>
        <record id="res_lang_Chinese_Macau0" model="res.lang">
            <field eval="&quot;&quot;&quot;zh_MO&quot;&quot;&quot;" name="code"/>
            <field eval="&quot;&quot;&quot;Chinese_Macau&quot;&quot;&quot;" name="name"/>
            <field eval="0" name="translatable"/>
            <field eval="1" name="active"/>
        </record>
        <record id="res_lang_Chinese_People_Republic_of_China0" model="res.lang">
            <field eval="&quot;&quot;&quot;zh_CN&quot;&quot;&quot;" name="code"/>
            <field eval="&quot;&quot;&quot;Chinese_People's Republic of China&quot;&quot;&quot;" name="name"/>
            <field eval="0" name="translatable"/>
            <field eval="1" name="active"/>
        </record>
        <record id="res_lang_Chinese_Singapore0" model="res.lang">
            <field eval="&quot;&quot;&quot;zh_SG&quot;&quot;&quot;" name="code"/>
            <field eval="&quot;&quot;&quot;Chinese_Singapore&quot;&quot;&quot;" name="name"/>
            <field eval="0" name="translatable"/>
            <field eval="1" name="active"/>
        </record>
        <record id="res_lang_Chinese_Taiwan0" model="res.lang">
            <field eval="&quot;&quot;&quot;zh_TW&quot;&quot;&quot;" name="code"/>
            <field eval="&quot;&quot;&quot;Chinese_Taiwan&quot;&quot;&quot;" name="name"/>
            <field eval="0" name="translatable"/>
            <field eval="1" name="active"/>
        </record>
        <record id="res_lang_Croatian_Croatia0" model="res.lang">
            <field eval="&quot;&quot;&quot;hr_HR&quot;&quot;&quot;" name="code"/>
            <field eval="&quot;&quot;&quot;Croatian_Croatia&quot;&quot;&quot;" name="name"/>
            <field eval="0" name="translatable"/>
            <field eval="1" name="active"/>
        </record>
        <record id="res_lang_Czech_CzechRepublic0" model="res.lang">
            <field eval="&quot;&quot;&quot;cs_CZ&quot;&quot;&quot;" name="code"/>
            <field eval="&quot;&quot;&quot;Czech_Czech Republic&quot;&quot;&quot;" name="name"/>
            <field eval="0" name="translatable"/>
            <field eval="1" name="active"/>
        </record>
        <record id="res_lang_Danish_Denmark0" model="res.lang">
            <field eval="&quot;&quot;&quot;da_DK&quot;&quot;&quot;" name="code"/>
            <field eval="&quot;&quot;&quot;Danish_Denmark&quot;&quot;&quot;" name="name"/>
            <field eval="0" name="translatable"/>
            <field eval="1" name="active"/>
        </record>
        <record id="res_lang_Dutch_Belgium0" model="res.lang">
            <field eval="&quot;&quot;&quot;nl_BE&quot;&quot;&quot;" name="code"/>
            <field eval="&quot;&quot;&quot;Dutch_Belgium&quot;&quot;&quot;" name="name"/>
            <field eval="0" name="translatable"/>
            <field eval="1" name="active"/>
        </record>
        <record id="res_lang_Dutch_Netherlands0" model="res.lang">
            <field eval="&quot;&quot;&quot;nl_NL&quot;&quot;&quot;" name="code"/>
            <field eval="&quot;&quot;&quot;Dutch_Netherlands&quot;&quot;&quot;" name="name"/>
            <field eval="0" name="translatable"/>
            <field eval="1" name="active"/>
        </record>
        <record id="res_lang_English_Australia0" model="res.lang">
            <field eval="&quot;&quot;&quot;en_AU&quot;&quot;&quot;" name="code"/>
            <field eval="&quot;&quot;&quot;English_Australia&quot;&quot;&quot;" name="name"/>
            <field eval="0" name="translatable"/>
            <field eval="1" name="active"/>
        </record>
        <record id="res_lang_English_Belize0" model="res.lang">
            <field eval="&quot;&quot;&quot;en_BZ&quot;&quot;&quot;" name="code"/>
            <field eval="&quot;&quot;&quot;English_Belize&quot;&quot;&quot;" name="name"/>
            <field eval="0" name="translatable"/>
            <field eval="1" name="active"/>
        </record>
        <record id="res_lang_English_Canada0" model="res.lang">
            <field eval="&quot;&quot;&quot;en_CA&quot;&quot;&quot;" name="code"/>
            <field eval="&quot;&quot;&quot;English_Canada&quot;&quot;&quot;" name="name"/>
            <field eval="0" name="translatable"/>
            <field eval="1" name="active"/>
        </record>
        <record id="res_lang_English_Caribbean0" model="res.lang">
            <field eval="&quot;&quot;&quot;en_CB&quot;&quot;&quot;" name="code"/>
            <field eval="&quot;&quot;&quot;English_Caribbean&quot;&quot;&quot;" name="name"/>
            <field eval="0" name="translatable"/>
            <field eval="1" name="active"/>
        </record>
        <record id="res_lang_English_Ireland0" model="res.lang">
            <field eval="&quot;&quot;&quot;en_IE&quot;&quot;&quot;" name="code"/>
            <field eval="&quot;&quot;&quot;English_Ireland&quot;&quot;&quot;" name="name"/>
            <field eval="0" name="translatable"/>
            <field eval="1" name="active"/>
        </record>
        <record id="res_lang_English_Jamaica0" model="res.lang">
            <field eval="&quot;&quot;&quot;en_JM&quot;&quot;&quot;" name="code"/>
            <field eval="&quot;&quot;&quot;English_Jamaica&quot;&quot;&quot;" name="name"/>
            <field eval="0" name="translatable"/>
            <field eval="1" name="active"/>
        </record>
        <record id="res_lang_English_NewZealand0" model="res.lang">
            <field eval="&quot;&quot;&quot;en_NZ&quot;&quot;&quot;" name="code"/>
            <field eval="&quot;&quot;&quot;English_New Zealand&quot;&quot;&quot;" name="name"/>
            <field eval="0" name="translatable"/>
            <field eval="1" name="active"/>
        </record>
        <record id="res_lang_English_Republic_of_the_Philippines0" model="res.lang">
            <field eval="&quot;&quot;&quot;en_PH&quot;&quot;&quot;" name="code"/>
            <field eval="&quot;&quot;&quot;English_Republic of the Philippines&quot;&quot;&quot;" name="name"/>
            <field eval="0" name="translatable"/>
            <field eval="1" name="active"/>
        </record>
        <record id="res_lang_English_SouthAfrica0" model="res.lang">
            <field eval="&quot;&quot;&quot;en_ZA&quot;&quot;&quot;" name="code"/>
            <field eval="&quot;&quot;&quot;English_South Africa&quot;&quot;&quot;" name="name"/>
            <field eval="0" name="translatable"/>
            <field eval="1" name="active"/>
        </record>
        <record id="res_lang_English_Trinidad_y_Tobago0" model="res.lang">
            <field eval="&quot;&quot;&quot;en_TT&quot;&quot;&quot;" name="code"/>
            <field eval="&quot;&quot;&quot;English_Trinidad y Tobago&quot;&quot;&quot;" name="name"/>
            <field eval="0" name="translatable"/>
            <field eval="1" name="active"/>
        </record>
        <record id="res_lang_English_United_Kingdom0" model="res.lang">
            <field eval="&quot;&quot;&quot;en_GB&quot;&quot;&quot;" name="code"/>
            <field eval="&quot;&quot;&quot;English_United Kingdom&quot;&quot;&quot;" name="name"/>
            <field eval="0" name="translatable"/>
            <field eval="1" name="active"/>
        </record>
        <!-- record id="res_lang_English_United_States0" model="res.lang">
            <field eval="&quot;&quot;&quot;en_US&quot;&quot;&quot;" name="code"/>
            <field eval="&quot;&quot;&quot;English_United States&quot;&quot;&quot;" name="name"/>
            <field eval="0" name="translatable"/>
            <field eval="1" name="active"/>
        </record -->
        <record id="res_lang_English_Zimbabwe0" model="res.lang">
            <field eval="&quot;&quot;&quot;en_ZW&quot;&quot;&quot;" name="code"/>
            <field eval="&quot;&quot;&quot;English_Zimbabwe&quot;&quot;&quot;" name="name"/>
            <field eval="0" name="translatable"/>
            <field eval="1" name="active"/>
        </record>
        <record id="res_lang_Estonian_Estonia0" model="res.lang">
            <field eval="&quot;&quot;&quot;et_EE&quot;&quot;&quot;" name="code"/>
            <field eval="&quot;&quot;&quot;Estonian_Estonia&quot;&quot;&quot;" name="name"/>
            <field eval="0" name="translatable"/>
            <field eval="1" name="active"/>
        </record>
        <record id="res_lang_Faeroese_Faeroe_Islands0" model="res.lang">
            <field eval="&quot;&quot;&quot;fo_FO&quot;&quot;&quot;" name="code"/>
            <field eval="&quot;&quot;&quot;Faeroese_Faeroe Islands&quot;&quot;&quot;" name="name"/>
            <field eval="0" name="translatable"/>
            <field eval="1" name="active"/>
        </record>
        <record id="res_lang_Farsi_Iran0" model="res.lang">
            <field eval="&quot;&quot;&quot;fa_IR&quot;&quot;&quot;" name="code"/>
            <field eval="&quot;&quot;&quot;Farsi_Iran&quot;&quot;&quot;" name="name"/>
            <field eval="0" name="translatable"/>
            <field eval="1" name="active"/>
        </record>
        <record id="res_lang_Finnish_Finland0" model="res.lang">
            <field eval="&quot;&quot;&quot;fi_FI&quot;&quot;&quot;" name="code"/>
            <field eval="&quot;&quot;&quot;Finnish_Finland&quot;&quot;&quot;" name="name"/>
            <field eval="0" name="translatable"/>
            <field eval="1" name="active"/>
        </record>
        <record id="res_lang_French_Belgium0" model="res.lang">
            <field eval="&quot;&quot;&quot;fr_BE&quot;&quot;&quot;" name="code"/>
            <field eval="&quot;&quot;&quot;French_Belgium&quot;&quot;&quot;" name="name"/>
            <field eval="0" name="translatable"/>
            <field eval="1" name="active"/>
        </record>
        <record id="res_lang_French_Canada0" model="res.lang">
            <field eval="&quot;&quot;&quot;fr_CA&quot;&quot;&quot;" name="code"/>
            <field eval="&quot;&quot;&quot;French_Canada&quot;&quot;&quot;" name="name"/>
            <field eval="0" name="translatable"/>
            <field eval="1" name="active"/>
        </record>
        <record id="res_lang_French_France0" model="res.lang">
            <field eval="&quot;&quot;&quot;fr_FR&quot;&quot;&quot;" name="code"/>
            <field eval="&quot;&quot;&quot;French_France&quot;&quot;&quot;" name="name"/>
            <field eval="0" name="translatable"/>
            <field eval="1" name="active"/>
        </record>
        <record id="res_lang_French_Luxembourg0" model="res.lang">
            <field eval="&quot;&quot;&quot;fr_LU&quot;&quot;&quot;" name="code"/>
            <field eval="&quot;&quot;&quot;French_Luxembourg&quot;&quot;&quot;" name="name"/>
            <field eval="0" name="translatable"/>
            <field eval="1" name="active"/>
        </record>
        <record id="res_lang_French_Principality_of_Monaco0" model="res.lang">
            <field eval="&quot;&quot;&quot;fr_MC&quot;&quot;&quot;" name="code"/>
            <field eval="&quot;&quot;&quot;French_Principality of Monaco&quot;&quot;&quot;" name="name"/>
            <field eval="0" name="translatable"/>
            <field eval="1" name="active"/>
        </record>
        <record id="res_lang_French_Switzerland0" model="res.lang">
            <field eval="&quot;&quot;&quot;fr_CH&quot;&quot;&quot;" name="code"/>
            <field eval="&quot;&quot;&quot;French_Switzerland&quot;&quot;&quot;" name="name"/>
            <field eval="0" name="translatable"/>
            <field eval="1" name="active"/>
        </record>
        <record id="res_lang_German_Austria0" model="res.lang">
            <field eval="&quot;&quot;&quot;de_AT&quot;&quot;&quot;" name="code"/>
            <field eval="&quot;&quot;&quot;German_Austria&quot;&quot;&quot;" name="name"/>
            <field eval="0" name="translatable"/>
            <field eval="1" name="active"/>
        </record>
        <record id="res_lang_German_Germany0" model="res.lang">
            <field eval="&quot;&quot;&quot;de_DE&quot;&quot;&quot;" name="code"/>
            <field eval="&quot;&quot;&quot;German_Germany&quot;&quot;&quot;" name="name"/>
            <field eval="0" name="translatable"/>
            <field eval="1" name="active"/>
        </record>
        <record id="res_lang_German_Liechtenstein0" model="res.lang">
            <field eval="&quot;&quot;&quot;de_LI&quot;&quot;&quot;" name="code"/>
            <field eval="&quot;&quot;&quot;German_Liechtenstein&quot;&quot;&quot;" name="name"/>
            <field eval="0" name="translatable"/>
            <field eval="1" name="active"/>
        </record>
        <record id="res_lang_German_Luxembourg0" model="res.lang">
            <field eval="&quot;&quot;&quot;de_LU&quot;&quot;&quot;" name="code"/>
            <field eval="&quot;&quot;&quot;German_Luxembourg&quot;&quot;&quot;" name="name"/>
            <field eval="0" name="translatable"/>
            <field eval="1" name="active"/>
        </record>
        <record id="res_lang_German_Switzerland0" model="res.lang">
            <field eval="&quot;&quot;&quot;de_CH&quot;&quot;&quot;" name="code"/>
            <field eval="&quot;&quot;&quot;German_Switzerland&quot;&quot;&quot;" name="name"/>
            <field eval="0" name="translatable"/>
            <field eval="1" name="active"/>
        </record>
        <record id="res_lang_Greek_Greece0" model="res.lang">
            <field eval="&quot;&quot;&quot;el_GR&quot;&quot;&quot;" name="code"/>
            <field eval="&quot;&quot;&quot;Greek_Greece&quot;&quot;&quot;" name="name"/>
            <field eval="0" name="translatable"/>
            <field eval="1" name="active"/>
        </record>
        <record id="res_lang_Hebrew_Israel0" model="res.lang">
            <field eval="&quot;&quot;&quot;iw_IL&quot;&quot;&quot;" name="code"/>
            <field eval="&quot;&quot;&quot;Hebrew_Israel&quot;&quot;&quot;" name="name"/>
            <field eval="0" name="translatable"/>
            <field eval="1" name="active"/>
        </record>
        <record id="res_lang_Hungarian_Hungary0" model="res.lang">
            <field eval="&quot;&quot;&quot;hu_HU&quot;&quot;&quot;" name="code"/>
            <field eval="&quot;&quot;&quot;Hungarian_Hungary&quot;&quot;&quot;" name="name"/>
            <field eval="0" name="translatable"/>
            <field eval="1" name="active"/>
        </record>
        <record id="res_lang_Icelandic_Iceland0" model="res.lang">
            <field eval="&quot;&quot;&quot;is_IS&quot;&quot;&quot;" name="code"/>
            <field eval="&quot;&quot;&quot;Icelandic_Iceland&quot;&quot;&quot;" name="name"/>
            <field eval="0" name="translatable"/>
            <field eval="1" name="active"/>
        </record>
        <record id="res_lang_Indonesian_Indonesia0" model="res.lang">
            <field eval="&quot;&quot;&quot;id_ID&quot;&quot;&quot;" name="code"/>
            <field eval="&quot;&quot;&quot;Indonesian_Indonesia&quot;&quot;&quot;" name="name"/>
            <field eval="0" name="translatable"/>
            <field eval="1" name="active"/>
        </record>
        <record id="res_lang_Italian_Italy0" model="res.lang">
            <field eval="&quot;&quot;&quot;it_IT&quot;&quot;&quot;" name="code"/>
            <field eval="&quot;&quot;&quot;Italian_Italy&quot;&quot;&quot;" name="name"/>
            <field eval="0" name="translatable"/>
            <field eval="1" name="active"/>
        </record>
        <record id="res_lang_Italian_Switzerland0" model="res.lang">
            <field eval="&quot;&quot;&quot;it_CH&quot;&quot;&quot;" name="code"/>
            <field eval="&quot;&quot;&quot;Italian_Switzerland&quot;&quot;&quot;" name="name"/>
            <field eval="0" name="translatable"/>
            <field eval="1" name="active"/>
        </record>
        <record id="res_lang_Japanese_Japan0" model="res.lang">
            <field eval="&quot;&quot;&quot;ja_JP&quot;&quot;&quot;" name="code"/>
            <field eval="&quot;&quot;&quot;Japanese_Japan&quot;&quot;&quot;" name="name"/>
            <field eval="0" name="translatable"/>
            <field eval="1" name="active"/>
        </record>
        <record id="res_lang_Kazakh_Kazakstan0" model="res.lang">
            <field eval="&quot;&quot;&quot;kk_KZ&quot;&quot;&quot;" name="code"/>
            <field eval="&quot;&quot;&quot;Kazakh_Kazakstan&quot;&quot;&quot;" name="name"/>
            <field eval="0" name="translatable"/>
            <field eval="1" name="active"/>
        </record>
        <record id="res_lang_Korean_Korea0" model="res.lang">
            <field eval="&quot;&quot;&quot;ko_KR&quot;&quot;&quot;" name="code"/>
            <field eval="&quot;&quot;&quot;Korean_Korea&quot;&quot;&quot;" name="name"/>
            <field eval="0" name="translatable"/>
            <field eval="1" name="active"/>
        </record>
        <record id="res_lang_Latvian_Latvia0" model="res.lang">
            <field eval="&quot;&quot;&quot;lv_LV&quot;&quot;&quot;" name="code"/>
            <field eval="&quot;&quot;&quot;Latvian_Latvia&quot;&quot;&quot;" name="name"/>
            <field eval="0" name="translatable"/>
            <field eval="1" name="active"/>
        </record>
        <record id="res_lang_Lithuanian_Lithuania0" model="res.lang">
            <field eval="&quot;&quot;&quot;lt_LT&quot;&quot;&quot;" name="code"/>
            <field eval="&quot;&quot;&quot;Lithuanian_Lithuania&quot;&quot;&quot;" name="name"/>
            <field eval="0" name="translatable"/>
            <field eval="1" name="active"/>
        </record>
        <record id="res_lang_Macedonian_Former_Yugoslav_Republic_of_Macedonia0" model="res.lang">
            <field eval="&quot;&quot;&quot;mk_MK&quot;&quot;&quot;" name="code"/>
            <field eval="&quot;&quot;&quot;Macedonian_Former Yugoslav Republic of Macedonia&quot;&quot;&quot;" name="name"/>
            <field eval="0" name="translatable"/>
            <field eval="1" name="active"/>
        </record>
        <record id="res_lang_Malay_Brunei_Darussalam0" model="res.lang">
            <field eval="&quot;&quot;&quot;ms_BN&quot;&quot;&quot;" name="code"/>
            <field eval="&quot;&quot;&quot;Malay_Brunei Darussalam&quot;&quot;&quot;" name="name"/>
            <field eval="0" name="translatable"/>
            <field eval="1" name="active"/>
        </record>
        <record id="res_lang_Malay_Malaysia0" model="res.lang">
            <field eval="&quot;&quot;&quot;ms_MY&quot;&quot;&quot;" name="code"/>
            <field eval="&quot;&quot;&quot;Malay_Malaysia&quot;&quot;&quot;" name="name"/>
            <field eval="0" name="translatable"/>
            <field eval="1" name="active"/>
        </record>
        <record id="res_lang_Norwegian_Norway0" model="res.lang">
            <field eval="&quot;&quot;&quot;no_NO&quot;&quot;&quot;" name="code"/>
            <field eval="&quot;&quot;&quot;Norwegian_Norway&quot;&quot;&quot;" name="name"/>
            <field eval="0" name="translatable"/>
            <field eval="1" name="active"/>
        </record>
        <record id="res_lang_Norwegian_Norway1" model="res.lang">
            <field eval="&quot;&quot;&quot;nb_NO&quot;&quot;&quot;" name="code"/>
            <field eval="&quot;&quot;&quot;Norwegian (Bokm�l)_Norway&quot;&quot;&quot;" name="name"/>
            <field eval="0" name="translatable"/>
            <field eval="1" name="active"/>
        </record>
        <record id="res_lang_Norwegian-Nynorsk_Norway0" model="res.lang">
            <field eval="&quot;&quot;&quot;nn_NO&quot;&quot;&quot;" name="code"/>
            <field eval="&quot;&quot;&quot;Norwegian-Nynorsk_Norway&quot;&quot;&quot;" name="name"/>
            <field eval="0" name="translatable"/>
            <field eval="1" name="active"/>
        </record>
        <record id="res_lang_Polish_Poland0" model="res.lang">
            <field eval="&quot;&quot;&quot;pl_PL&quot;&quot;&quot;" name="code"/>
            <field eval="&quot;&quot;&quot;Polish_Poland&quot;&quot;&quot;" name="name"/>
            <field eval="0" name="translatable"/>
            <field eval="1" name="active"/>
        </record>
        <record id="res_lang_Portuguese_Brazil0" model="res.lang">
            <field eval="&quot;&quot;&quot;pt_BR&quot;&quot;&quot;" name="code"/>
            <field eval="&quot;&quot;&quot;Portuguese_Brazil&quot;&quot;&quot;" name="name"/>
            <field eval="0" name="translatable"/>
            <field eval="1" name="active"/>
        </record>
        <record id="res_lang_Portuguese_Portugal0" model="res.lang">
            <field eval="&quot;&quot;&quot;pt_PT&quot;&quot;&quot;" name="code"/>
            <field eval="&quot;&quot;&quot;Portuguese_Portugal&quot;&quot;&quot;" name="name"/>
            <field eval="0" name="translatable"/>
            <field eval="1" name="active"/>
        </record>
        <record id="res_lang_Romanian_Romania0" model="res.lang">
            <field eval="&quot;&quot;&quot;ro_RO&quot;&quot;&quot;" name="code"/>
            <field eval="&quot;&quot;&quot;Romanian_Romania&quot;&quot;&quot;" name="name"/>
            <field eval="0" name="translatable"/>
            <field eval="1" name="active"/>
        </record>
        <record id="res_lang_Russian_Russia0" model="res.lang">
            <field eval="&quot;&quot;&quot;ru_RU&quot;&quot;&quot;" name="code"/>
            <field eval="&quot;&quot;&quot;Russian_Russia&quot;&quot;&quot;" name="name"/>
            <field eval="0" name="translatable"/>
            <field eval="1" name="active"/>
        </record>
        <record id="res_lang_Serbian_Cyrillic_Serbia0" model="res.lang">
            <field eval="&quot;&quot;&quot;sc_SP&quot;&quot;&quot;" name="code"/>
            <field eval="&quot;&quot;&quot;Serbian (Cyrillic)_Serbia&quot;&quot;&quot;" name="name"/>
            <field eval="0" name="translatable"/>
            <field eval="1" name="active"/>
        </record>
        <record id="res_lang_Serbian_Latin_Serbia0" model="res.lang">
            <field eval="&quot;&quot;&quot;sl_SP&quot;&quot;&quot;" name="code"/>
            <field eval="&quot;&quot;&quot;Serbian (Latin)_Serbia&quot;&quot;&quot;" name="name"/>
            <field eval="0" name="translatable"/>
            <field eval="1" name="active"/>
        </record>
        <record id="res_lang_Slovak_Slovakia0" model="res.lang">
            <field eval="&quot;&quot;&quot;sk_SK&quot;&quot;&quot;" name="code"/>
            <field eval="&quot;&quot;&quot;Slovak_Slovakia&quot;&quot;&quot;" name="name"/>
            <field eval="0" name="translatable"/>
            <field eval="1" name="active"/>
        </record>
        <record id="res_lang_Slovenian_Slovenia0" model="res.lang">
            <field eval="&quot;&quot;&quot;sl_SI&quot;&quot;&quot;" name="code"/>
            <field eval="&quot;&quot;&quot;Slovenian_Slovenia&quot;&quot;&quot;" name="name"/>
            <field eval="0" name="translatable"/>
            <field eval="1" name="active"/>
        </record>
        <record id="res_lang_Spanish_Argentina0" model="res.lang">
            <field eval="&quot;&quot;&quot;es_AR&quot;&quot;&quot;" name="code"/>
            <field eval="&quot;&quot;&quot;Spanish_Argentina&quot;&quot;&quot;" name="name"/>
            <field eval="0" name="translatable"/>
            <field eval="1" name="active"/>
        </record>
        <record id="res_lang_Spanish_Bolivia0" model="res.lang">
            <field eval="&quot;&quot;&quot;es_BO&quot;&quot;&quot;" name="code"/>
            <field eval="&quot;&quot;&quot;Spanish_Bolivia&quot;&quot;&quot;" name="name"/>
            <field eval="0" name="translatable"/>
            <field eval="1" name="active"/>
        </record>
        <record id="res_lang_Spanish_Chile0" model="res.lang">
            <field eval="&quot;&quot;&quot;es_CL&quot;&quot;&quot;" name="code"/>
            <field eval="&quot;&quot;&quot;Spanish_Chile&quot;&quot;&quot;" name="name"/>
            <field eval="0" name="translatable"/>
            <field eval="1" name="active"/>
        </record>
        <record id="res_lang_Spanish_Colombia0" model="res.lang">
            <field eval="&quot;&quot;&quot;es_CO&quot;&quot;&quot;" name="code"/>
            <field eval="&quot;&quot;&quot;Spanish_Colombia&quot;&quot;&quot;" name="name"/>
            <field eval="0" name="translatable"/>
            <field eval="1" name="active"/>
        </record>
        <record id="res_lang_Spanish_CostaRica0" model="res.lang">
            <field eval="&quot;&quot;&quot;es_CR&quot;&quot;&quot;" name="code"/>
            <field eval="&quot;&quot;&quot;Spanish_Costa Rica&quot;&quot;&quot;" name="name"/>
            <field eval="0" name="translatable"/>
            <field eval="1" name="active"/>
        </record>
        <record id="res_lang_Spanish_Dominican_Republic0" model="res.lang">
            <field eval="&quot;&quot;&quot;es_DO&quot;&quot;&quot;" name="code"/>
            <field eval="&quot;&quot;&quot;Spanish_Dominican Republic&quot;&quot;&quot;" name="name"/>
            <field eval="0" name="translatable"/>
            <field eval="1" name="active"/>
        </record>
        <record id="res_lang_Spanish_Ecuador0" model="res.lang">
            <field eval="&quot;&quot;&quot;es_EC&quot;&quot;&quot;" name="code"/>
            <field eval="&quot;&quot;&quot;Spanish_Ecuador&quot;&quot;&quot;" name="name"/>
            <field eval="0" name="translatable"/>
            <field eval="1" name="active"/>
        </record>
        <record id="res_lang_Spanish_El_Salvador0" model="res.lang">
            <field eval="&quot;&quot;&quot;es_SV&quot;&quot;&quot;" name="code"/>
            <field eval="&quot;&quot;&quot;Spanish_El Salvador&quot;&quot;&quot;" name="name"/>
            <field eval="0" name="translatable"/>
            <field eval="1" name="active"/>
        </record>
        <record id="res_lang_Spanish_Guatemala0" model="res.lang">
            <field eval="&quot;&quot;&quot;es_GT&quot;&quot;&quot;" name="code"/>
            <field eval="&quot;&quot;&quot;Spanish_Guatemala&quot;&quot;&quot;" name="name"/>
            <field eval="0" name="translatable"/>
            <field eval="1" name="active"/>
        </record>
        <record id="res_lang_Spanish_Honduras0" model="res.lang">
            <field eval="&quot;&quot;&quot;es_HN&quot;&quot;&quot;" name="code"/>
            <field eval="&quot;&quot;&quot;Spanish_Honduras&quot;&quot;&quot;" name="name"/>
            <field eval="0" name="translatable"/>
            <field eval="1" name="active"/>
        </record>
        <record id="res_lang_Spanish_Mexico0" model="res.lang">
            <field eval="&quot;&quot;&quot;es_MX&quot;&quot;&quot;" name="code"/>
            <field eval="&quot;&quot;&quot;Spanish_Mexico&quot;&quot;&quot;" name="name"/>
            <field eval="0" name="translatable"/>
            <field eval="1" name="active"/>
        </record>
        <record id="res_lang_Spanish_Nicaragua0" model="res.lang">
            <field eval="&quot;&quot;&quot;es_NI&quot;&quot;&quot;" name="code"/>
            <field eval="&quot;&quot;&quot;Spanish_Nicaragua&quot;&quot;&quot;" name="name"/>
            <field eval="0" name="translatable"/>
            <field eval="1" name="active"/>
        </record>
        <record id="res_lang_Spanish_Panama0" model="res.lang">
            <field eval="&quot;&quot;&quot;es_PA&quot;&quot;&quot;" name="code"/>
            <field eval="&quot;&quot;&quot;Spanish_Panama&quot;&quot;&quot;" name="name"/>
            <field eval="0" name="translatable"/>
            <field eval="1" name="active"/>
        </record>
        <record id="res_lang_Spanish_Paraguay0" model="res.lang">
            <field eval="&quot;&quot;&quot;es_PY&quot;&quot;&quot;" name="code"/>
            <field eval="&quot;&quot;&quot;Spanish_Paraguay&quot;&quot;&quot;" name="name"/>
            <field eval="0" name="translatable"/>
            <field eval="1" name="active"/>
        </record>
        <record id="res_lang_Spanish_Peru0" model="res.lang">
            <field eval="&quot;&quot;&quot;es_PE&quot;&quot;&quot;" name="code"/>
            <field eval="&quot;&quot;&quot;Spanish_Peru&quot;&quot;&quot;" name="name"/>
            <field eval="0" name="translatable"/>
            <field eval="1" name="active"/>
        </record>
        <record id="res_lang_Spanish_Puerto_Rico0" model="res.lang">
            <field eval="&quot;&quot;&quot;es_PR&quot;&quot;&quot;" name="code"/>
            <field eval="&quot;&quot;&quot;Spanish_Puerto Rico&quot;&quot;&quot;" name="name"/>
            <field eval="0" name="translatable"/>
            <field eval="1" name="active"/>
        </record>
        <record id="res_lang_Spanish_Spain0" model="res.lang">
            <field eval="&quot;&quot;&quot;es_ES&quot;&quot;&quot;" name="code"/>
            <field eval="&quot;&quot;&quot;Spanish_Spain&quot;&quot;&quot;" name="name"/>
            <field eval="0" name="translatable"/>
            <field eval="1" name="active"/>
        </record>
        <record id="res_lang_Spanish_Uruguay0" model="res.lang">
            <field eval="&quot;&quot;&quot;es_UY&quot;&quot;&quot;" name="code"/>
            <field eval="&quot;&quot;&quot;Spanish_Uruguay&quot;&quot;&quot;" name="name"/>
            <field eval="0" name="translatable"/>
            <field eval="1" name="active"/>
        </record>
        <record id="res_lang_Spanish_Venezuela0" model="res.lang">
            <field eval="&quot;&quot;&quot;es_VE&quot;&quot;&quot;" name="code"/>
            <field eval="&quot;&quot;&quot;Spanish_Venezuela&quot;&quot;&quot;" name="name"/>
            <field eval="0" name="translatable"/>
            <field eval="1" name="active"/>
        </record>
        <record id="res_lang_Swahili_Kenya0" model="res.lang">
            <field eval="&quot;&quot;&quot;sw_KE&quot;&quot;&quot;" name="code"/>
            <field eval="&quot;&quot;&quot;Swahili_Kenya&quot;&quot;&quot;" name="name"/>
            <field eval="0" name="translatable"/>
            <field eval="1" name="active"/>
        </record>
        <record id="res_lang_Swedish_Finland0" model="res.lang">
            <field eval="&quot;&quot;&quot;sv_FI&quot;&quot;&quot;" name="code"/>
            <field eval="&quot;&quot;&quot;Swedish_Finland&quot;&quot;&quot;" name="name"/>
            <field eval="0" name="translatable"/>
            <field eval="1" name="active"/>
        </record>
        <record id="res_lang_Swedish_Sweden0" model="res.lang">
            <field eval="&quot;&quot;&quot;sv_SE&quot;&quot;&quot;" name="code"/>
            <field eval="&quot;&quot;&quot;Swedish_Sweden&quot;&quot;&quot;" name="name"/>
            <field eval="0" name="translatable"/>
            <field eval="1" name="active"/>
        </record>
        <record id="res_lang_Tatar_Tatarstan0" model="res.lang">
            <field eval="&quot;&quot;&quot;tt_TA&quot;&quot;&quot;" name="code"/>
            <field eval="&quot;&quot;&quot;Tatar_Tatarstan&quot;&quot;&quot;" name="name"/>
            <field eval="0" name="translatable"/>
            <field eval="1" name="active"/>
        </record>
        <record id="res_lang_Thai_Thailand0" model="res.lang">
            <field eval="&quot;&quot;&quot;th_TH&quot;&quot;&quot;" name="code"/>
            <field eval="&quot;&quot;&quot;Thai_Thailand&quot;&quot;&quot;" name="name"/>
            <field eval="0" name="translatable"/>
            <field eval="1" name="active"/>
        </record>
        <record id="res_lang_Turkish_Turkey0" model="res.lang">
            <field eval="&quot;&quot;&quot;tr_TR&quot;&quot;&quot;" name="code"/>
            <field eval="&quot;&quot;&quot;Turkish_Turkey&quot;&quot;&quot;" name="name"/>
            <field eval="0" name="translatable"/>
            <field eval="1" name="active"/>
        </record>
        <record id="res_lang_Ukrainian_Ukrainec0" model="res.lang">
            <field eval="&quot;&quot;&quot;uk_UA&quot;&quot;&quot;" name="code"/>
            <field eval="&quot;&quot;&quot;Ukrainian_Ukraine&quot;&quot;&quot;" name="name"/>
            <field eval="0" name="translatable"/>
            <field eval="1" name="active"/>
        </record>
        <record id="res_lang_Urdu_Islamic_Republic_of_Pakistan0" model="res.lang">
            <field eval="&quot;&quot;&quot;ur_PK&quot;&quot;&quot;" name="code"/>
            <field eval="&quot;&quot;&quot;Urdu_Islamic Republic of Pakistan&quot;&quot;&quot;" name="name"/>
            <field eval="0" name="translatable"/>
            <field eval="1" name="active"/>
        </record>
        <record id="res_lang_Uzbek_Republic_of_Uzbekistan0" model="res.lang">
            <field eval="&quot;&quot;&quot;uz_UZ&quot;&quot;&quot;" name="code"/>
            <field eval="&quot;&quot;&quot;Uzbek_Republic of Uzbekistan&quot;&quot;&quot;" name="name"/>
            <field eval="0" name="translatable"/>
            <field eval="1" name="active"/>
        </record>
        <record id="res_lang_Vietnamese_Viet_Nam0" model="res.lang">
            <field eval="&quot;&quot;&quot;vi_VN&quot;&quot;&quot;" name="code"/>
            <field eval="&quot;&quot;&quot;Vietnamese_Viet Nam&quot;&quot;&quot;" name="name"/>
            <field eval="0" name="translatable"/>
            <field eval="1" name="active"/>
        </record>

    </data>
</openerp>
