<?xml version="1.0" encoding="utf-8"?>
<openerp>
<data>
<!--External Mapping-->
    <record model="ir.ui.view" id="view_base_external_mapping_csv_form">
        <field name="name">base.external.mapping.csv.form</field>
        <field name="model">base.external.mapping</field>
        <field name="inherit_id" ref="base_external_mapping.view_base_external_mapping_form" />
        <field name="type">form</field>
        <field name="priority" eval="5"/>
        <field name="arch" type="xml">
            <data>
                <xpath expr="/form/field[@name='model_id']" position="after">
                    <group colspan="4" col="4">
                        <field name="csv"/>
                        <notebook colspan="4">
                            <page string="CSV">
                                <group cols="2" colspan="4">
                                    <field name="csv_path" attrs="{'required':[('csv','==',True)]}"/>
                                    <field name="csv_file" attrs="{'required':[('csv','==',True)]}"/>
                                    <field name="csv_header"/>
                                    <field name="csv_file_separator" attrs="{'required':[('csv','==',True)]}"/>
                                    <field name="csv_quote"/>
                                </group>
                            </page>
                        </notebook>
                    </group>
                </xpath>
            </data>
        </field>
    </record>
    
    <record model="ir.ui.view" id="view_base_external_mapping_csv_tree">
        <field name="name">base.external.mapping.csv.tree</field>
        <field name="model">base.external.mapping</field>
        <field name="inherit_id" ref="base_external_mapping.view_base_external_mapping_tree" />
        <field name="type">tree</field>
        <field name="priority" eval="5"/>
        <field name="arch" type="xml">
            <field name="name" position="after">
                <field name="csv"/>
            </field>
        </field>
    </record>
</data>
</openerp>
