<?xml version="1.0"?>
<openerp>
<data>

    <record model="ir.ui.view" id="view_account_journal_simulation_tree">
        <field name="name">account.journal.simulation.tree</field>
        <field name="model">account.journal.simulation</field>
        <field name="type">tree</field>
        <field name="arch" type="xml">
            <tree string="Journal simulation">
                <field name="name" select="1"/>
                <field name="code" select="1"/>
            </tree>
        </field>
    </record>

    <record model="ir.ui.view" id="view_account_journal_simulation_form">
        <field name="name">account.journal.simulation.form</field>
        <field name="model">account.journal.simulation</field>
        <field name="type">form</field>
        <field name="arch" type="xml">
            <form string="Journal simulation">
                <field name="name" select="1"/>
                <field name="code" select="1"/>
            </form>
        </field>
    </record>

    <record model="ir.actions.act_window" id="action_view_account_journal_simulation_form">
        <field name="name">Journal Simulations</field>
        <field name="res_model">account.journal.simulation</field>
        <field name="view_type">form</field>
    </record>
    <menuitem
        parent="account.menu_action_account_journal_form"
        id="menu_action_view_account_journal_simulation_form"
        action="action_view_account_journal_simulation_form"/>

    <record model="ir.ui.view" id="view_account_journal_form_inherit_simul">
        <field name="name">account.journal.simulation.form.inherit</field>
        <field name="model">account.journal</field>
        <field name="inherit_id" ref="account.view_account_journal_form"/>
        <field name="type">form</field>
        <field name="arch" type="xml">
            <field name="view_id" position="after">
                <field name="state"/>
            </field>
        </field>
    </record>

    <record model="ir.ui.view" id="view_account_journal_tree">
        <field name="name">account.journal.tree</field>
        <field name="model">account.journal</field>
        <field name="type">tree</field>
        <field name="field_parent">child_ids</field>
        <field name="arch" type="xml">
            <tree string="Account Journal">
                <field name="code"/>
                <field name="name"/>
            </tree>
        </field>
    </record>

    <record model="ir.actions.act_window" id="action_account_journal_tree">
        <field name="name">Account Journal</field>
        <field name="res_model">account.journal</field>
        <field name="view_type">tree</field>
    </record>
    <menuitem
        parent="account.menu_action_account_journal_form"
        id="menu_action_account_journal_tree"
        action="action_account_journal_tree"/>
    <wizard string="Accounts Charts" menu="False" model="account.account" name="account.simulation.chart" id="account.wizard_account_chart"/>

</data>
</openerp>

