"id","name","model_id:id","group_id:id","perm_read","perm_write","perm_create","perm_unlink"
"access_account_report_report_system","account.report.report system","model_account_report_report","base.group_system",1,0,0,0
"access_account_report_history","account.report.history","model_account_report_history","account.group_account_manager",1,0,0,0
"access_account_report_report","account.report.report","model_account_report_report","account.group_account_user",1,1,0,0
"access_account_report_report_manager","account.report.report manager","model_account_report_report","account.group_account_manager",1,1,1,1
