<?xml version="1.0" encoding="utf-8"?>
<openerp>
    <data>
        <record id="view_account_journal_period_form" model="ir.ui.view">
            <field name="name">account.journal.period.form</field>
            <field name="model">account.journal.period</field>
            <field name="type">form</field>
            <field name="arch" type="xml">
                <form string="Period">
                    <field name="name" select="1" readonly="1"/>
                    <field name="journal_id" select="1" readonly="1"/>
                    <field name="period_id" select="1" readonly="1"/>
                    <field name="fiscalyear_id" readonly="1"/>
                    <separator colspan="4" string="States"/>
                    <field name="state" select="1" readonly="1"/>
                    <button name="action_draft" states="done" string="Set to Draft" type="object"/>
                </form>
            </field>
        </record>
        <record id="view_account_journal_period_tree" model="ir.ui.view">
            <field name="name">account.journal.period.tree</field>
            <field name="model">account.journal.period</field>
            <field name="type">tree</field>
            <field name="arch" type="xml">
                <tree string="Period">
                    <field name="name"/>
                    <field name="journal_id"/>
                    <field name="period_id"/>
                    <field name="fiscalyear_id"/>
                    <field name="state"/>
                </tree>
            </field>
        </record>
        <record id="action_account_journal_period_form" model="ir.actions.act_window">
            <field name="name">Journal Period</field>
            <field name="res_model">account.journal.period</field>
            <field name="view_type">form</field>
            <field name="view_mode">tree,form</field>
        </record>
        <menuitem action="action_account_journal_period_form" id="menu_action_account_journal_period_form" parent="account.next_id_23"/>

    </data>
</openerp>
