<?xml version="1.0" encoding="utf-8"?>
<openerp>
    <data>

    <record id="account.view_account_analytic_line_form" model="ir.ui.view">
        <field name="name">account.analytic.line.form</field>
        <field name="model">account.analytic.line</field>
        <field name="type">form</field>
        <field name="arch" type="xml">
            <form string="Analytic Entry">
                <group colspan="4" col="6">
                    <field name="name"/>
                    <field name="ref"/>
                    <field name="account_id"/>
                    <field name="journal_id"/>
                    <field name="date"/>
                    <field name="company_id" groups="base.group_multi_company"/>
                </group>
                <group colspan="2" col="4">
                    <separator string="Amount" colspan="4"/>
                    <field name="amount" colspan="4"/>
                    <field name="amount_currency" colspan="2"/>
                    <field name="currency_id" colspan="2" nolabel="1"/>
                    <field name="aa_amount_currency" colspan="2"/>
                    <field name="aa_currency_id" colspan="2" nolabel="1"/>
                </group>
                <group colspan="2" col="4">
                    <separator string="Product Information" colspan="4"/>
                    <field name="product_id" colspan="4"/>
                    <field name="unit_amount" colspan="2"/>
                    <field name="product_uom_id" colspan="2" nolabel="1"/>
                </group>
                <group colspan="2" col="2" groups="base.group_extended">
                    <separator string="General Accounting" colspan="2"/>
                    <field name="general_account_id"/>
                    <field name="move_id" readonly="1"/>
                </group>
            </form>
        </field>
    </record>

    <record id="view_account_analytic_line_tree" model="ir.ui.view">
        <field name="name">account.analytic.line.tree</field>
        <field name="model">account.analytic.line</field>
        <field name="type">tree</field>
        <field name="arch" type="xml">
            <tree editable="top" string="Analytic Entries">
                <field name="date"/>
                <field name="ref" invisible="context.get('to_invoice', False)"/>
                <field name="name"/>
                <field name="journal_id" invisible="context.get('to_invoice', False)"/>
                <field name="amount" sum="Total" invisible="context.get('to_invoice', False)"/>
                <field name="aa_amount_currency" />
                <field name="aa_currency_id" />
                <field name="product_id" on_change="on_change_unit_amount(product_id, unit_amount, company_id, product_uom_id, journal_id)" invisible="not context.get('to_invoice', False)"/>
                <field name="unit_amount" on_change="on_change_unit_amount(product_id, unit_amount, company_id, product_uom_id)" sum="Total Quantity" invisible="not context.get('to_invoice', False)"/>
                <field name="product_uom_id" on_change="on_change_unit_amount(product_id, unit_amount, company_id, product_uom_id)" invisible="not context.get('to_invoice', False)"/>
                <field domain="[('type','=','normal')]" name="account_id"/>
                <field name="general_account_id" invisible="context.get('to_invoice', False)"/>
                <field name="user_id" invisible="1" />
            </tree>
        </field>
    </record>

    <record id="account.account_analytic_line_extended_form" model="ir.ui.view">
        <field name="name">account.analytic.line.extended_form</field>
        <field name="model">account.analytic.line</field>
        <field name="type">form</field>
        <field name="arch" type="xml">
            <form string="Project line">
                <field name="name"/>
                <field name="account_id" groups="base.group_extended"/>
                <field name="date" on_change="on_change_unit_amount(product_id, unit_amount, company_id, product_uom_id)"/>
                <field name="journal_id"/>
                <field name="unit_amount" on_change="on_change_unit_amount(product_id, unit_amount, company_id, product_uom_id)"/>
                <field name="product_id" on_change="on_change_unit_amount(product_id, unit_amount, company_id, product_uom_id, journal_id)"/>
                <field name="product_uom_id" on_change="on_change_unit_amount(product_id, unit_amount, company_id, product_uom_id)"/>
                <field invisible="True" name="general_account_id"/>
                <field name="amount"/>
                <field name="currency_id" />
                <field name="amount_currency" />
                <field name="aa_currency_id" />
                <field name="aa_amount_currency" />
                <field name="company_id" on_change="on_change_unit_amount(product_id, unit_amount, company_id, product_uom_id)"/>
            </form>
        </field>
    </record>
        

     </data>
</openerp>