<?xml version="1.0" encoding="utf-8"?>
<openerp>
    <data>

		<!-- Fiscal Position Rule Template -->
        <record id="view_account_fiscal_position_rule_template_form" model="ir.ui.view">
            <field name="name">account.fiscal.position.rule.template.form</field>
            <field name="model">account.fiscal.position.rule.template</field>
            <field name="type">form</field>
            <field name="arch" type="xml">
                <form string="Fiscal Position Rule Template">
                    <separator string="General" colspan="4"/>
                    <field name="name" select="1"/>
                    <newline/>
                    <field name="description" colspan="4"/>
                    <separator string="From" colspan="4"/>
                    <field name="from_country"/>
                    <field name="from_state"/>
                    <separator string="To" colspan="4"/>
		    <field name="to_country"/>
                    <field name="to_state"/>
                    <separator string="Configuration" colspan="4"/>
		    <field name="fiscal_position_id"/>
		    <newline/>
                    <field name="use_sale"/>
                    <field name="use_invoice"/>
                    <field name="use_purchase"/>
                    <field name="use_picking"/>
                </form>
            </field>
        </record>

        <record id="view_account_fiscal_position_rule_template_tree" model="ir.ui.view">
            <field name="name">account.fiscal.position.rule.template.tree</field>
            <field name="model">account.fiscal.position.rule.template</field>
            <field name="type">tree</field>
            <field name="arch" type="xml">
                <tree string="Fiscal Position Rule Template">
                    <field name="name"/>
                    <field name="from_country"/>
                    <field name="from_state"/>
    		    <field name="to_country"/>
                    <field name="to_state"/>
                </tree>
            </field>
        </record>

	<!--
	<field name="fiscal_position_id"/>
    	<field name="fiscal_operation_category_id"/>
        <field name="partner_fiscal_type_id"/>
	-->

	<record id="view_account_fiscal_position_rule_template_search" model="ir.ui.view">
            <field name="name">account.fiscal.position.rule.template.search</field>
            <field name="model">account.fiscal.position.rule.template</field>
            <field name="type">search</field>
            <field eval="3" name="priority"/>
            <field name="arch" type="xml">
                <search string="Fiscal Position Rule Template">
                    <group col="14" colspan="4">
                        <filter icon="terp-gtk-jump-to-ltr" string="Use in Sale" name="use_sale" domain="[('use_sale','=',True)]" help="Used in Sales orders"/>
                        <filter icon="terp-gtk-jump-to-ltr" string="Use in Invoice" name="use_invoice" domain="[('use_invoice','=',True)]" help="used in invoices"/>
                        <filter icon="terp-gtk-jump-to-ltr" string="Use in Picking" name="use_picking" domain="[('use_picking','=',True)]" help="used in Picking lists"/>
                        <filter icon="terp-gtk-jump-to-rtl" string="Use in Purchase" name="use_purchase" domain="[('use_purchase','=',True)]" help="used in purchase"/>
                        <separator orientation="vertical"/>
                        <field name="name"/>
                        <field name="from_country"/>
                        <field name="from_state"/>
                        <field name="to_country"/>
                        <field name="to_state"/>
                    </group>
                    <newline/>
                </search>
            </field>
        </record>		
		
        <record id="action_account_fiscal_position_rule_template_form" model="ir.actions.act_window">
            <field name="name">Fiscal Position Rule Template</field>
            <field name="res_model">account.fiscal.position.rule.template</field>
            <field name="view_type">form</field>
            <field name="view_mode">tree,form</field>
        </record>

        <menuitem action="action_account_fiscal_position_rule_template_form" id="menu_action_account_fiscal_position_rule_template_form" parent="account.account_template_folder" sequence="21"/>

	<!-- Fiscal Position Rule -->
        <record id="view_account_fiscal_position_rule_form" model="ir.ui.view">
            <field name="name">account.fiscal.position.rule.form</field>
            <field name="model">account.fiscal.position.rule</field>
            <field name="type">form</field>
            <field name="arch" type="xml">
                <form string="Fiscal Position Rule">
                    <separator string="General" colspan="4"/>
                    <field name="name" select="1"/>
                    <newline/>
                    <field name="description" colspan="4"/>
                    <separator string="From" colspan="4"/>
                    <field name="from_country"/>
                    <field name="from_state"/>
                    <separator string="To" colspan="4"/>
    		    <field name="to_country"/>
                    <field name="to_state"/>
                    <separator string="Configuration" colspan="4"/>
                    <field name="company_id"/>
		    <field name="fiscal_position_id"/>
		    <newline/>
                    <field name="use_sale"/>
                    <field name="use_invoice"/>
                    <field name="use_purchase"/>
                    <field name="use_picking"/>
                </form>
            </field>
        </record>
        
        <record id="view_account_fiscal_position_rule_tree" model="ir.ui.view">
            <field name="name">account.fiscal.position.rule.tree</field>
            <field name="model">account.fiscal.position.rule</field>
            <field name="type">tree</field>
            <field name="arch" type="xml">
                <tree string="Fiscal Position Rule">
                    <field name="company_id"/>
                    <field name="name"/>
                    <field name="from_country"/>
                    <field name="from_state"/>
		    <field name="to_country"/>
                    <field name="to_state"/>
                </tree>
            </field>
        </record>
        
	<record id="view_account_fiscal_position_rule_search" model="ir.ui.view">
            <field name="name">account.fiscal.position.rule.search</field>
            <field name="model">account.fiscal.position.rule</field>
            <field name="type">search</field>
            <field eval="3" name="priority"/>
            <field name="arch" type="xml">
                <search string="Fiscal Position Rule">
                    <group col="14" colspan="4">
                        <filter icon="terp-gtk-jump-to-ltr" string="Use in Sale" name="use_sale" domain="[('use_sale','=',True)]" help="Used in Sales Orders"/>
                        <filter icon="terp-gtk-jump-to-ltr" string="Use in Invoice" name="use_invoice" domain="[('use_invoice','=',True)]" help="used in invoices"/>
                        <filter icon="terp-gtk-jump-to-ltr" string="Use in Picking" name="use_picking" domain="[('use_picking','=',True)]" help="used in Picking list"/>
                        <filter icon="terp-gtk-jump-to-rtl" string="Use in Purchase" name="use_purchase" domain="[('use_purchase','=',True)]" help="used in purchase"/>
                        <separator orientation="vertical"/>
                        <field name="name"/>
                        <field name="from_country"/>
                        <field name="from_state"/>
                        <field name="to_country"/>
                        <field name="to_state"/>
                    </group>
                    <newline/>
                </search>
            </field>
        </record>
        
        <!--  Wizard position fiscal rule -->

        <record id="view_wizard_account_fiscal_position_rule" model="ir.ui.view">
            <field name="name">Generate Fiscal Positions Rules from Templates</field>
            <field name="model">wizard.account.fiscal.position.rule</field>
            <field name="type">form</field>
            <field name="arch" type="xml">
                <form string="Generate Fiscal Positions Rules from Templates">
                    <separator col="4" colspan="4" string="Generate Fiscal Positions Rules from Templates"/>
                    <label align="0.0" string="This will automatically configure all fiscal position rules" colspan="4"/>
                    <field name="company_id" />
                    <separator string="" colspan="4"/>
                    <label string="" colspan="2"/>
                    <group col="2" colspan="2">
                        <button icon="gtk-cancel" special="cancel" type="object" name="action_cancel" string="Cancel"/>
                        <button icon="gtk-ok" name="action_create" string="Create" type="object"/>
                    </group>
                </form>
            </field>
        </record>

        <record id="action_wizard_account_fiscal_position_rule" model="ir.actions.act_window">
            <field name="name">Generate Fiscal Positions Rules from Templates</field>
            <field name="type">ir.actions.act_window</field>
            <field name="res_model">wizard.account.fiscal.position.rule</field>
            <field name="view_type">form</field>
            <field name="view_mode">form</field>
            <field name="target">new</field>
        </record>

        <menuitem parent="account.account_template_folder" action="action_wizard_account_fiscal_position_rule" id="menu_wizard_fiscal_position_rule"/>

        <record id="action_account_fiscal_position_rule_form" model="ir.actions.act_window">
            <field name="name">Fiscal Position Rule</field>
            <field name="res_model">account.fiscal.position.rule</field>
            <field name="view_type">form</field>
            <field name="view_mode">tree,form</field>
        </record>

        <menuitem
            action="action_account_fiscal_position_rule_form"
            id="menu_action_account_fiscal_position_rule_form"
            parent="account.menu_finance_accounting" sequence="21"/>
    </data>
</openerp>
