<?xml version="1.0" encoding="UTF-8"?>
<openerp>
	
	<data>

		<record model="ir.ui.view" id="view_fiscal_position_rule_form1">
			<field name="name">account.fiscal.position.rule.invoice.form1</field>
			<field name="model">account.invoice</field>
			<field name="inherit_id" ref="account.invoice_form"/>
			<field name="arch" type="xml">
				<field name="company_id" position="replace">
					<field name="company_id" on_change="onchange_company_id(company_id, partner_id, type, invoice_line, currency_id, address_invoice_id)" widget="selection" groups="base.group_multi_company"/>       
				</field>
			</field>
		</record>

		<record model="ir.ui.view" id="view_fiscal_position_rule_form2">
			<field name="name">account.fiscal.position.rule.invoice.form2</field>
			<field name="model">account.invoice</field>
			<field name="inherit_id" ref="account.invoice_form"/>
			<field name="arch" type="xml">
				<field name="address_invoice_id" position="replace">       
					<field domain="[('partner_id','=',partner_id)]" name="address_invoice_id" on_change="onchange_address_invoice_id(company_id, partner_id, address_invoice_id)" />
				</field>
			</field>
		</record>

		<record model="ir.ui.view" id="view_fiscal_position_rule_form3">
			<field name="name">account.fiscal.position.rule.invoice.form3</field>
			<field name="model">account.invoice</field>
			<field name="inherit_id" ref="account.invoice_supplier_form"/>
			<field name="arch" type="xml">
				<field name="company_id" position="replace">
					<field name="company_id" on_change="onchange_company_id(company_id, partner_id, type, invoice_line, currency_id, address_invoice_id)" widget="selection" groups="base.group_multi_company"/>
				</field>
			</field>
		</record>

		<record model="ir.ui.view" id="view_fiscal_position_rule_form4">
			<field name="name">account.fiscal.position.rule.invoice.form4</field>
			<field name="model">account.invoice</field>
			<field name="inherit_id" ref="account.invoice_supplier_form"/>
			<field name="arch" type="xml">
				<field name="address_invoice_id" position="replace">
					<field domain="[('partner_id','=',partner_id)]" name="address_invoice_id" on_change="onchange_address_invoice_id(company_id, partner_id, address_invoice_id)" />	       
				</field>
			</field>
		</record>

	</data>

</openerp>
