<?xml version="1.0" encoding="utf-8"?>
<openerp>
	<data>
		<record id="external_referential_form_view" model="ir.ui.view">
			<field name="name">external_referential_form_view</field>
			<field name="model">external.referential</field>
			<field name="type">form</field>
			<field name="arch" type="xml">
				<form>
					<group col="4" colspan="4">
						<field name="name" attrs="{'readonly':[('mapping_ids','!=',[])]}"/>
						<notebook colspan="4">
							<page string="General">
								<field name="type_id" />
								<field name="location" />
							</page>
							<page string="Authentication">
								<field name="apiusername" />
								<field name="apipass" />
							</page>
						</notebook>
					</group>
				    <group col="4" colspan="4">
				        <separator string="Core Components" colspan="4" />
				        <notebook colspan="4">
				        	<page string="Referential Actions">
				        	    <separator string="Compulsory" colspan="4" />
				                <button name="refresh_mapping" string="1 - Reload Referential Mapping Templates" colspan="2" type="object" />
            					<button name="core_sync" string="2 - Synchronize Referential Settings" colspan="2" type="object" attrs="{'readonly':[('mapping_ids','=',[])]}"/>
            				</page>
            			</notebook>
            		</group>
					<field name="mapping_ids" widget="one2many_list" nolabel="1">
						<tree string="Object Mappings">
							<field name="model_id" />
<!--							<field name="related_model_ids" invisible="1" />-->
<!--							<field name="mapping_ids" />-->
						</tree>
						<form string="Object Mappings">
							<field name="model_id" on_change="model_id_change(model_id)" />
							<field name="related_model_ids" invisible="1" />
							<group col="4" colspan="4">
								<field name="external_list_method" />
								<field name="external_get_method" />
								<field name="external_update_method" />
								<field name="external_create_method" />
								<field name="external_delete_method" />
								<field name="external_key_name" />
							</group>
							<field colspan="4" name="mapping_ids" widget="one2many_list" nolabel="1" context="{'model_id':model_id}">
								<tree string="Field Mappings">
									<!--<field name="field_id" domain="[('model_id','in',[rec[1] for rec in parent.related_model_ids])]" />-->
									<field name="external_field" />
									<field name="type" />
									<field name="external_type" />
								</tree>
								<form string="Field Mapping">
									<!--<field name="field_id" domain="[('model_id','=',parent.model_id)]" />-->
									<field name="external_field" />
									<field name="type" />
									<field name="external_type" />
									<newline />
									<field name="in_function" colspan="4"/>
									<newline />
									<field name="out_function" colspan="4"/>
								</form>
							</field>
						</form>
					</field>
				</form>
			</field>
		</record>

		<record id="external_referential_tree_view" model="ir.ui.view">
			<field name="name">external_referential_tree_view</field>
			<field name="model">external.referential</field>
			<field name="type">tree</field>
			<field name="arch" type="xml">
				<tree>
					<field name="name" select="1" />
					<field name="location" select="1" />
				</tree>
			</field>
		</record>


	</data>
</openerp>
