<?xml version="1.0" encoding="utf-8"?>
<openerp>
	<data>

        <!-- External Report -->
		<record id="external_report_form_view" model="ir.ui.view">
			<field name="name">external_report_form_view</field>
			<field name="model">external.report</field>
			<field name="type">form</field>
			<field name="arch" type="xml">
				<form string="External Referential Reports">
                    <field name="name"/>
                    <newline/>
                    <field name="start_date"/>
                    <field name="end_date"/>
                    <field name="external_referential_id"/>
                    <newline/>
                    <field name="failed_line_ids" nolabel="1" colspan="4">
                        <tree colors="red:state=='fail'" string="Fails">
                            <field name="state" invisible="True"/>
                            <field name="res_model"/>
                            <field name="action"/>
                            <field name="date"/>
                            <field name="res_id"/>
                            <field name="external_id"/>
                            <field name="error_message"/>
                            <button name="retry" string="Retry" icon="gtk-go-forward" type="object" colspan="2"/>
                        </tree>
                     </field>
                    <newline/>
                    <field name="history_ids" nolabel="1" colspan="4">
                        <tree colors="red:state=='fail'" string="History">
                            <field name="date"/>
                            <field name="count"/>
                            <field name="res_model"/>
                            <field name="action"/>
                            <field name="user_id"/>
                            <field name="state"/>
                        </tree>
                    </field>
				</form>
			</field>
		</record>

		<record id="external_report_tree_view" model="ir.ui.view">
			<field name="name">external_report_tree_view</field>
			<field name="model">external.report</field>
			<field name="type">tree</field>
			<field name="arch" type="xml">
				<tree colors="red:len(failed_line_ids)>0" string="External Reports">
                    <field name="name"/>
                    <field name="start_date"/>
                    <field name="end_date"/>
                    <field name="external_referential_id"/>
                    <field name="failed_line_ids" invisible="1"/>
				</tree>
			</field>
		</record>

        <record id="external_report_search_form_view" model="ir.ui.view">
            <field name="name">external_report_search_view</field>
            <field name="model">external.report</field>
            <field name="type">search</field>
            <field name="arch" type="xml">
                <search string="External Referential Reports">
                   <field name="name"/>
                   <field name="external_referential_id"/>
                   <field name="end_date"/>
                   <newline/>
                   <group  expand='0' string='Group by...' groups="base.group_extended">
                       <filter string='External Referential' icon="terp-stock_symbol-selection" domain="[]" context="{'group_by' : 'external_referential_id'}" />
                   </group>
                </search>
            </field>
        </record>

        <!-- External Report History -->
		<record id="external_report_history_form_view" model="ir.ui.view">
			<field name="name">external_report_history_view</field>
			<field name="model">external.report.history</field>
			<field name="type">form</field>
			<field name="arch" type="xml">
				<form string="External Report History">
                    <field name="external_report_id"/>
                    <field name="date"/>
                    <field name="count"/>
                    <field name="res_model"/>
                    <field name="action"/>
                    <field name="user_id"/>
                    <field name="state"/>
				</form>
			</field>
		</record>

		<record id="external_report_history_tree_view" model="ir.ui.view">
			<field name="name">external_report_history_tree_view</field>
			<field name="model">external.report.history</field>
			<field name="type">tree</field>
			<field name="arch" type="xml">
				<tree string="External Report History" colors="red:state=='fail'">
                    <field name="external_report_id"/>
                    <field name="date"/>
                    <field name="count"/>
                    <field name="res_model"/>
                    <field name="action"/>
                    <field name="user_id"/>
                    <field name="state"/>
				</tree>
			</field>
		</record>

        <record id="external_report_history_search_view" model="ir.ui.view">
            <field name="name">external_report_history_search_view</field>
            <field name="model">external.report.history</field>
            <field name="type">search</field>
            <field name="arch" type="xml">
                <search string="External Report History">
                   <filter string="Success" icon="terp-accessories-archiver" domain="[('state','=','success')]"/>
                   <filter string="Failures" icon="terp-accessories-archiver" domain="[('state','=','fail')]"/>
                   <separator orientation="vertical"/>
                   <field name="external_report_id"/>
                   <field name="date"/>
                   <field name="res_model"/>
                   <field name="action"/>
                   <field name="user_id"/>
                   <field name="state"/>
                   <newline/>
                   <group  expand='0' string='Group by...' groups="base.group_extended">
                       <filter string='Report' icon="terp-stock_symbol-selection" domain="[]" context="{'group_by' : 'external_report_id'}" />
                       <filter string='Date' icon="terp-stock_symbol-selection" domain="[]" context="{'group_by' : 'date'}" />
                       <filter string='Model' icon="terp-stock_symbol-selection" domain="[]" context="{'group_by' : 'res_model'}" />
                       <filter string='Action' icon="terp-stock_symbol-selection" domain="[]" context="{'group_by' : 'action'}" />
                   </group>
                </search>
            </field>
        </record>

        <!-- External Report Line -->
		<record id="external_report_line_form_view" model="ir.ui.view">
			<field name="name">external_report_line_form_view</field>
			<field name="model">external.report.line</field>
			<field name="type">form</field>
			<field name="arch" type="xml">
				<form string="External Report Line">
                    <field name="external_report_id"/>
                    <field name="res_model"/>
                    <field name="res_id"/>
                    <field name="external_id"/>
                    <field name="action"/>
                    <field name="date"/>
                    <field name="state"/>
                    <separator colspan="4"/>
                    <group colspan="4" col="3">
                        <field name="error_message"/>
                        <field name="origin_defaults"/>
                        <field name="origin_context"/>
                    </group>
                    <separator colspan="4"/>
                    <button name="retry" string="Retry" icon="gtk-go-forward" type="object" colspan="2"/>
				</form>
			</field>
		</record>

		<record id="external_report_line_tree_view" model="ir.ui.view">
			<field name="name">external_report_line_tree_view</field>
			<field name="model">external.report.line</field>
			<field name="type">tree</field>
			<field name="arch" type="xml">
				<tree colors="red:state=='fail'" string="External Report Lines">
                    <field name="state"/>
                    <field name="res_model"/>
                    <field name="action"/>
                    <field name="date"/>
                    <field name="res_id"/>
                    <field name="external_id"/>
                    <field name="error_message"/>
                    <button name="retry" string="Retry" icon="gtk-go-forward" type="object" colspan="2"/>
				</tree>
			</field>
		</record>

    </data>
</openerp>
