<?xml version="1.0"?>
<openerp>
<data>

	<record model="color.rml" id="c1">
		<field name="name">aliceblue</field>
		<field name="code">aliceblue</field>
	</record>

	<record model="color.rml" id="c2">
		<field name="name">antiquewhite</field>
		<field name="code">antiquewhite</field>
	</record>

	<record model="color.rml" id="c3">
		<field name="name">aqua</field>
		<field name="code">aqua</field>
	</record>

	<record model="color.rml" id="c4">
		<field name="name">aquamarine</field>
		<field name="code">aquamarine</field>
	</record>

	<record model="color.rml" id="c5">
		<field name="name">azure</field>
		<field name="code">azure</field>
	</record>

	<record model="color.rml" id="c6">
		<field name="name">beige</field>
		<field name="code">beige</field>
	</record>

	<record model="color.rml" id="c7">
		<field name="name">bisque</field>
		<field name="code">bisque</field>
	</record>

	<record model="color.rml" id="c8">
		<field name="name">black</field>
		<field name="code">black</field>
	</record>

	<record model="color.rml" id="c9">
		<field name="name">blanchedalmond</field>
		<field name="code">blanchedalmond</field>
	</record>

	<record model="color.rml" id="c10">
		<field name="name">blue</field>
		<field name="code">blue</field>
	</record>

	<record model="color.rml" id="c11">
		<field name="name">blueviolet</field>
		<field name="code">blueviolet</field>
	</record>

	<record model="color.rml" id="c12">
		<field name="name">brown</field>
		<field name="code">brown</field>
	</record>

	<record model="color.rml" id="c13">
		<field name="name">burlywood</field>
		<field name="code">burlywood</field>
	</record>

	<record model="color.rml" id="c14">
		<field name="name">cadetblue</field>
		<field name="code">cadetblue</field>
	</record>

	<record model="color.rml" id="c15">
		<field name="name">chartreuse</field>
		<field name="code">chartreuse</field>
	</record>

	<record model="color.rml" id="c16">
		<field name="name">chocolate</field>
		<field name="code">chocolate</field>
	</record>

	<record model="color.rml" id="c17">
		<field name="name">coral</field>
		<field name="code">coral</field>
	</record>

	<record model="color.rml" id="c18">
		<field name="name">cornflower</field>
		<field name="code">cornflower</field>
	</record>

	<record model="color.rml" id="c19">
		<field name="name">cornsilk</field>
		<field name="code">cornsilk</field>
	</record>

	<record model="color.rml" id="c20">
		<field name="name">crimson</field>
		<field name="code">crimson</field>
	</record>

	<record model="color.rml" id="c21">
		<field name="name">cyan</field>
		<field name="code">cyan</field>
	</record>

	<record model="color.rml" id="c22">
		<field name="name">darkblue</field>
		<field name="code">darkblue</field>
	</record>

	<record model="color.rml" id="c23">
		<field name="name">darkcyan</field>
		<field name="code">darkcyan</field>
	</record>

	<record model="color.rml" id="c24">
		<field name="name">darkgoldenrod</field>
		<field name="code">darkgoldenrod</field>
	</record>

	<record model="color.rml" id="c25">
		<field name="name">darkgray</field>
		<field name="code">darkgray</field>
	</record>

	<record model="color.rml" id="c26">
		<field name="name">darkgreen</field>
		<field name="code">darkgreen</field>
	</record>

	<record model="color.rml" id="c27">
		<field name="name">darkkhaki</field>
		<field name="code">darkkhaki</field>
	</record>

	<record model="color.rml" id="c28">
		<field name="name">darkmagenta</field>
		<field name="code">darkmagenta</field>
	</record>

	<record model="color.rml" id="c29">
		<field name="name">darkolivegreen</field>
		<field name="code">darkolivegreen</field>
	</record>

	<record model="color.rml" id="c30">
		<field name="name">darkorange</field>
		<field name="code">darkorange</field>
	</record>

	<record model="color.rml" id="c31">
		<field name="name">darkorchid</field>
		<field name="code">darkorchid</field>
	</record>

	<record model="color.rml" id="c32">
		<field name="name">darkred</field>
		<field name="code">darkred</field>
	</record>

	<record model="color.rml" id="c33">
		<field name="name">darksalmon</field>
		<field name="code">darksalmon</field>
	</record>

	<record model="color.rml" id="c34">
		<field name="name">darkseagreen</field>
		<field name="code">darkseagreen</field>
	</record>

	<record model="color.rml" id="c35">
		<field name="name">darkslateblue</field>
		<field name="code">darkslateblue</field>
	</record>

	<record model="color.rml" id="c36">
		<field name="name">darkslategray</field>
		<field name="code">darkslategray</field>
	</record>

	<record model="color.rml" id="c37">
		<field name="name">darkturquoise</field>
		<field name="code">darkturquoise</field>
	</record>

	<record model="color.rml" id="c38">
		<field name="name">darkviolet</field>
		<field name="code">darkviolet</field>
	</record>

	<record model="color.rml" id="c39">
		<field name="name">deeppink</field>
		<field name="code">deeppink</field>
	</record>

	<record model="color.rml" id="c40">
		<field name="name">deepskyblue</field>
		<field name="code">deepskyblue</field>
	</record>

	<record model="color.rml" id="c41">
		<field name="name">dimgray</field>
		<field name="code">dimgray</field>
	</record>

	<record model="color.rml" id="c42">
		<field name="name">dodgerblue</field>
		<field name="code">dodgerblue</field>
	</record>

	<record model="color.rml" id="c43">
		<field name="name">firebrick</field>
		<field name="code">firebrick</field>
	</record>

	<record model="color.rml" id="c44">
		<field name="name">floralwhite</field>
		<field name="code">floralwhite</field>
	</record>

	<record model="color.rml" id="c45">
		<field name="name">forestgreen</field>
		<field name="code">forestgreen</field>
	</record>

	<record model="color.rml" id="c46">
		<field name="name">fuchsia</field>
		<field name="code">fuchsia</field>
	</record>

	<record model="color.rml" id="c47">
		<field name="name">gainsboro</field>
		<field name="code">gainsboro</field>
	</record>

	<record model="color.rml" id="c48">
		<field name="name">ghostwhite</field>
		<field name="code">ghostwhite</field>
	</record>

	<record model="color.rml" id="c49">
		<field name="name">gold</field>
		<field name="code">gold</field>
	</record>

	<record model="color.rml" id="c50">
		<field name="name">goldenrod</field>
		<field name="code">goldenrod</field>
	</record>

	<record model="color.rml" id="c51">
		<field name="name">gray</field>
		<field name="code">gray</field>
	</record>

	<record model="color.rml" id="c52">
		<field name="name">green</field>
		<field name="code">green</field>
	</record>

	<record model="color.rml" id="c53">
		<field name="name">greenyellow</field>
		<field name="code">greenyellow</field>
	</record>

	<record model="color.rml" id="c54">
		<field name="name">honeydew</field>
		<field name="code">honeydew</field>
	</record>

	<record model="color.rml" id="c55">
		<field name="name">hotpink</field>
		<field name="code">hotpink</field>
	</record>

	<record model="color.rml" id="c56">
		<field name="name">indianred</field>
		<field name="code">indianred</field>
	</record>

	<record model="color.rml" id="c57">
		<field name="name">indigo</field>
		<field name="code">indigo</field>
	</record>

	<record model="color.rml" id="c58">
		<field name="name">ivory</field>
		<field name="code">ivory</field>
	</record>

	<record model="color.rml" id="c59">
		<field name="name">khaki</field>
		<field name="code">khaki</field>
	</record>

	<record model="color.rml" id="c60">
		<field name="name">lavender</field>
		<field name="code">lavender</field>
	</record>

	<record model="color.rml" id="c61">
		<field name="name">lavenderblush</field>
		<field name="code">lavenderblush</field>
	</record>

	<record model="color.rml" id="c62">
		<field name="name">lawngreen</field>
		<field name="code">lawngreen</field>
	</record>

	<record model="color.rml" id="c63">
		<field name="name">lemonchiffon</field>
		<field name="code">lemonchiffon</field>
	</record>

	<record model="color.rml" id="c64">
		<field name="name">lightblue</field>
		<field name="code">lightblue</field>
	</record>

	<record model="color.rml" id="c65">
		<field name="name">lightcoral</field>
		<field name="code">lightcoral</field>
	</record>

	<record model="color.rml" id="c66">
		<field name="name">lightcyan</field>
		<field name="code">lightcyan</field>
	</record>

	<record model="color.rml" id="c67">
		<field name="name">lightgoldenrodyellow</field>
		<field name="code">lightgoldenrodyellow</field>
	</record>

	<record model="color.rml" id="c68">
		<field name="name">lightgreen</field>
		<field name="code">lightgreen</field>
	</record>

	<record model="color.rml" id="c69">
		<field name="name">lightpink</field>
		<field name="code">lightpink</field>
	</record>

	<record model="color.rml" id="c70">
		<field name="name">lightsalmon</field>
		<field name="code">lightsalmon</field>
	</record>

	<record model="color.rml" id="c71">
		<field name="name">lightseagreen</field>
		<field name="code">lightseagreen</field>
	</record>

	<record model="color.rml" id="c72">
		<field name="name">lightskyblue</field>
		<field name="code">lightskyblue</field>
	</record>

	<record model="color.rml" id="c73">
		<field name="name">lightslategray</field>
		<field name="code">lightslategray</field>
	</record>

	<record model="color.rml" id="c74">
		<field name="name">lightsteelblue</field>
		<field name="code">lightsteelblue</field>
	</record>

	<record model="color.rml" id="c75">
		<field name="name">lightyellow</field>
		<field name="code">lightyellow</field>
	</record>

	<record model="color.rml" id="c76">
		<field name="name">lime</field>
		<field name="code">lime</field>
	</record>

	<record model="color.rml" id="c77">
		<field name="name">limegreen</field>
		<field name="code">limegreen</field>
	</record>

	<record model="color.rml" id="c78">
		<field name="name">linen</field>
		<field name="code">linen</field>
	</record>

	<record model="color.rml" id="c79">
		<field name="name">magenta</field>
		<field name="code">magenta</field>
	</record>

	<record model="color.rml" id="c80">
		<field name="name">maroon</field>
		<field name="code">maroon</field>
	</record>

	<record model="color.rml" id="c81">
		<field name="name">mediumaquamarine</field>
		<field name="code">mediumaquamarine</field>
	</record>

	<record model="color.rml" id="c82">
		<field name="name">mediumblue</field>
		<field name="code">mediumblue</field>
	</record>

	<record model="color.rml" id="c83">
		<field name="name">mediumorchid</field>
		<field name="code">mediumorchid</field>
	</record>

	<record model="color.rml" id="c84">
		<field name="name">mediumpurple</field>
		<field name="code">mediumpurple</field>
	</record>

	<record model="color.rml" id="c85">
		<field name="name">mediumseagreen</field>
		<field name="code">mediumseagreen</field>
	</record>

	<record model="color.rml" id="c86">
		<field name="name">mediumslateblue</field>
		<field name="code">mediumslateblue</field>
	</record>

	<record model="color.rml" id="c87">
		<field name="name">mediumspringgreen</field>
		<field name="code">mediumspringgreen</field>
	</record>

	<record model="color.rml" id="c88">
		<field name="name">mediumturquoise</field>
		<field name="code">mediumturquoise</field>
	</record>

	<record model="color.rml" id="c89">
		<field name="name">mediumvioletred</field>
		<field name="code">mediumvioletred</field>
	</record>

	<record model="color.rml" id="c90">
		<field name="name">midnightblue</field>
		<field name="code">midnightblue</field>
	</record>

	<record model="color.rml" id="c91">
		<field name="name">mintcream</field>
		<field name="code">mintcream</field>
	</record>

	<record model="color.rml" id="c92">
		<field name="name">mistyrose</field>
		<field name="code">mistyrose</field>
	</record>

	<record model="color.rml" id="c93">
		<field name="name">moccasin</field>
		<field name="code">moccasin</field>
	</record>

	<record model="color.rml" id="c94">
		<field name="name">navajowhite</field>
		<field name="code">navajowhite</field>
	</record>

	<record model="color.rml" id="c95">
		<field name="name">navy</field>
		<field name="code">navy</field>
	</record>

	<record model="color.rml" id="c96">
		<field name="name">oldlace</field>
		<field name="code">oldlace</field>
	</record>

	<record model="color.rml" id="c97">
		<field name="name">olive</field>
		<field name="code">olive</field>
	</record>

</data>
</openerp>
