<?xml version="1.0"?>
<!--
#
#    OpenERP - Account balance reporting engine
#    Copyright (C) 2009 Pexego Sistemas Informáticos. All Rights Reserved
#    $Id$
#
#    This program is free software: you can redistribute it and/or modify
#    it under the terms of the GNU General Public License as published by
#    the Free Software Foundation, either version 3 of the License, or
#    (at your option) any later version.
#
#    This program is distributed in the hope that it will be useful,
#    but WITHOUT ANY WARRANTY; without even the implied warranty of
#    MERCHANTABILITY or FITNESS FOR A PARTICULAR PURPOSE.  See the
#    GNU General Public License for more details.
#
#    You should have received a copy of the GNU General Public License
#    along with this program.  If not, see <http://www.gnu.org/licenses/>.
#
-->
<!--
Views for the account balance reporting templates and its lines.

Author: Borja López Soilán (Pexego) - borjals@pexego.es
-->
<openerp>
    <data>

        <!--**** Template views *********************************************-->

        <!-- Template form view -->
        <record model="ir.ui.view" id="view_account_balance_reporting_template_form">
            <field name="name">account.balance.reporting.template.form</field>
            <field name="model">account.balance.reporting.template</field>
            <field name="type">form</field>
            <field name="arch" type="xml">
                <form string="Account balance report template">
                    <group colspan="4">
                        <field name="name" select="1"/>
                        <field name="type" select="1" readonly="1"/>
                        <field name="report_xml_id" select="2" domain="[('model','=','account.balance.reporting')]"/>
                        <field name="balance_mode" select="2"/>
                    </group>
                    <notebook colspan="4">
                        <page string="Information">
                            <field name="description" colspan="4" nolabel="1"/>
                        </page>
                        <page string="Lines">
                            <field name="line_ids" nolabel="1" context="{'report_id':active_id}">
                                <tree string="Template lines" editable="bottom"
                                        colors="blue:css_class in ('l1')">
                                    <field name="code" select="1" colspan="1"/>
                                    <field name="name" select="1" colspan="2"/>
                                    <field name="current_value" colspan="2"/>
                                    <field name="previous_value" colspan="2"/>
                                    <field name="negate" select="2" colspan="1"/>
                                    <field name="report_id" invisible="1"/>
                                    <field name="parent_id" select="1" colspan="1" domain="[('report_id','=',report_id)]"/>
                                    <field name="sequence" select="1" colspan="1"/>
                                    <field name="css_class" select="1" colspan="1"/>
                                </tree>
                                <form string="Template line">
                                    <group colspan="4">
                                        <field name="code" select="1" colspan="1"/>
                                        <field name="name" select="1" colspan="3"/>
                                    </group>
                                    <group colspan="4">
                                        <field name="report_id" select="1" readonly="1"/>
                                        <field name="parent_id" select="1" domain="[('report_id','=',report_id)]"/>
                                    </group>
                                    <group string="Values" colspan="4">
                                        <field name="current_value"/>
                                        <field name="previous_value"/>
                                        <field name="negate" select="2" colspan="1"/>
                                    </group>
                                    <group string="Style" colspan="4">
                                        <field name="sequence"/>
                                        <field name="css_class"/>
                                    </group>
                                </form>
                            </field>
                        </page>
                    </notebook>
                </form>
            </field>
        </record>

        <!-- Template tree view -->
        <record model="ir.ui.view" id="view_account_balance_reporting_template_tree">
            <field name="name">account.balance.reporting.template.tree</field>
            <field name="model">account.balance.reporting.template</field>
            <field name="type">tree</field>
            <field name="arch" type="xml">
                <tree string="Account balance report templates">
                    <field name="name" select="1"/>
                    <field name="type" select="1"/>
                </tree>
            </field>
        </record>


        <!--*** Template lines views ****************************************-->

        <!-- Template line form view -->
        <record model="ir.ui.view" id="view_account_balance_reporting_template_line_form">
            <field name="name">account.balance.reporting.template.line.form</field>
            <field name="model">account.balance.reporting.template.line</field>
            <field name="type">form</field>
            <field name="arch" type="xml">
                <form string="Account balance report template line">
                    <group colspan="4">
                        <field name="code" select="1" colspan="1"/>
                        <field name="name" select="1" colspan="3"/>
                    </group>
                    <group colspan="4">
                        <field name="report_id" select="1"/>
                        <field name="parent_id" select="1"/>
                    </group>
                    <group string="Values" colspan="4">
                        <field name="current_value" colspan="2"/>
                        <field name="previous_value" colspan="2"/>
                    </group>
                    <group string="Style" colspan="4">
                        <field name="sequence" colspan="1"/>
                        <field name="css_class" colspan="1"/>
                    </group>
                </form>
            </field>
        </record>

        <!-- Template line tree view -->
        <record model="ir.ui.view" id="view_account_balance_reporting_template_line_tree">
            <field name="name">account.balance.reporting.template.line.tree</field>
            <field name="model">account.balance.reporting.template.line</field>
            <field name="type">tree</field>
            <field name="arch" type="xml">
                <tree string="Account balance report template lines">
                    <field name="code" select="1"/>
                    <field name="name" select="1"/>
                    <field name="report_id" select="1"/>
                    <field name="parent_id" select="1"/>
                    <field name="sequence" select="1" colspan="1"/>
                    <field name="css_class" select="1" colspan="1"/>
                </tree>
            </field>
        </record>


        <!--*** Menus and windows *******************************************-->

        <record model="ir.actions.act_window" id="action_view_account_balance_reporting_template">
            <field name="name">Account balance templates</field>
            <field name="type">ir.actions.act_window</field>
            <field name="res_model">account.balance.reporting.template</field>
            <field name="view_type">form</field>
			<field name="view_mode">tree,form</field>
            <field name="view_id" ref="view_account_balance_reporting_template_tree"/>
        </record>

        <menuitem id="menu_account_balance_reporting"
                name="Account balance reports"
                parent="account.menu_finance_legal_statement"/>

        <menuitem id="menu_account_balance_reporting_templates"
                name="Templates"
                parent="menu_account_balance_reporting"
                action="action_view_account_balance_reporting_template"/>
    </data>
</openerp>
