<?xml version="1.0" encoding="utf-8"?>
<openerp>
	<data>

		<!--record id="fiscal_position_rule_group" model="ir.rule.group">
			<field name="name">Product Fiscal Classification</field>
			<field model="ir.model" name="model_id" search="[('model','=','account.product.fiscal.classification')]" />
			<field eval="True" name="global" />
		</record>
		<record id="fiscal_position_rule" model="ir.rule">
			<field name="domain_force">['|', ['company_id', '=', user.company_id.id], ['company_id','=', False]]</field>
			<field name="rule_group" ref="fiscal_position_rule_group" />
		</record-->

	</data>
</openerp>
