<?xml version="1.0" encoding="utf-8"?>
<openerp>
	<data>

		<record model="ir.ui.view" id="product_fiscal_classification_product_normal_form_view">
			<field name="name">product_fiscal_classification_product_normal_form_view</field>
			<field name="model">product.product</field>
			<field name="inherit_id" ref="account.product_normal_form_view"/>
			<field name="arch" type="xml">
				<xpath expr="notebook/page/group/field[@name='property_account_expense']" position="after">
					<separator string="Fiscal Properties" colspan="4"/>						
					<field name="property_fiscal_classification" colspan="4" attrs="{'required': [('type', '!=', 'service')]}" select="2" on_change="fiscal_classification_id_change(property_fiscal_classification, taxes_id, supplier_taxes_id)"/>						
				</xpath>
			</field>
		</record>

	</data>
</openerp>
