"id","name","model_id:id","group_id:id","perm_read","perm_write","perm_create","perm_unlink"
"account_fiscal_position_rule_invoice","account.fiscal.position.rule","model_account_fiscal_position_rule","account.group_account_invoice",1,0,0,0
"account_fiscal_position_rule_template_invoice","account.fiscal.position.rule.template","model_account_fiscal_position_rule_template","account.group_account_invoice",1,0,0,0
"account_fiscal_position_rule_user","account.fiscal.position.rule","model_account_fiscal_position_rule","account.group_account_user",1,0,0,0
"account_fiscal_position_rule_template_user","account.fiscal.position.rule.template","model_account_fiscal_position_rule_template","account.group_account_user",1,0,0,0
"account_fiscal_position_rule_manager","account.fiscal.position.rule","model_account_fiscal_position_rule","account.group_account_manager",1,1,1,1
"account_fiscal_position_rule_template_manager","account.fiscal.position.rule.template","model_account_fiscal_position_rule_template","account.group_account_manager",1,1,1,1


