<?xml version="1.0"?>
<openerp>
<data>

    <menuitem id="menu_finance_config_Assets" name="Assets" parent="account.menu_finance_configuration"/>
    <record model="ir.ui.view" id="view_account_asset_category_form">
        <field name="name">account.asset.category.form</field>
        <field name="model">account.asset.category</field>
        <field name="type">form</field>
        <field name="arch" type="xml">
            <form string="Asset category">
                <field name="name" select="1"/>
                <field name="code" select="1"/>
                <field name="note" colspan="4"/>
            </form>
        </field>
    </record>

    <record model="ir.ui.view" id="view_account_asset_category_tree">
        <field name="name">account.asset.category.tree</field>
        <field name="model">account.asset.category</field>
        <field name="type">tree</field>
        <field name="arch" type="xml">
            <tree string="Asset category">
                <field name="code"/>
                <field name="name"/>
            </tree>
        </field>
    </record>
    <record model="ir.actions.act_window" id="action_account_asset_category_form">
        <field name="name">Asset Category</field>
        <field name="res_model">account.asset.category</field>
        <field name="view_type">form</field>
        <field name="view_mode">tree,form</field>
    </record>
    <menuitem 
        parent="menu_finance_config_Assets"
        id="menu_action_account_asset_category_form"
        action="action_account_asset_category_form"/>


    <record model="ir.ui.view" id="view_account_asset_property_tree">
        <field name="name">account.asset.property.tree</field>
        <field name="model">account.asset.property</field>
        <field name="type">tree</field>
        <field name="arch" type="xml">
            <tree string="Assets methods">
                <field name="asset_id"/>
                <field name="name"/>
                <field name="journal_id"/>
                <field name="value_total"/>
                <field name="value_residual"/>
                <field name="state"/>
            </tree>
        </field>
    </record>



    <record model="ir.ui.view" id="view_account_asset_asset_form">
        <field name="name">account.asset.asset.form</field>
        <field name="model">account.asset.asset</field>
        <field name="type">form</field>
        <field name="arch" type="xml">
            <form string="Asset">
                <notebook>
                <page string="General info">
                    <field name="name" select="1"/>
                    <field name="code" select="1"/>
                    <field name="period_id" select="2"/>
                    <field name="category_id" select="1"/>
                    <field name="property_ids" colspan="4" nolabel="1" mode="form,tree">
                        <form string="Depreciation methods">
                            <field name="name" select="1" colspan="4"/>
                            <separator string="Methods" colspan="4"/>
                            <notebook>
                            <page string="Depreciation">
                                <separator string="Accounts information" colspan="4"/>
                                <field name="account_asset_id"/>
                                <field name="account_actif_id"/>
                                <field name="journal_id"/>
                                <field name="type"/>
                                <field name="account_analytic_id"/>
                                <field name="journal_analytic_id"/>
                                <separator string="Depreciation duration" colspan="4"/>
                                <field name="method"/>
                                <field name="method_progress_factor"/>
                                <field name="method_time"/>
                                <field name="method_delay"/>
                                <field name="method_period"/>
                                <button 
                                    name="%(wizard_asset_modify)d" 
                                    states="open" 
                                    string="Change duration" 
                                    type="action" 
                                    colspan="2"/>
                                <!-- <field name="method_end"/> -->
                            </page>
                            <page string="Depreciation entries">
                                <field name="entry_asset_ids" colspan="4" nolabel="1" readonly="1"/>
                            </page>
                            <page string="Change history">
                                <field name="history_ids" colspan="4" nolabel="1" readonly="1"/>
                            </page>
                            <page string="Depreciation board">
                                <field name="value_total"/>
                                <field name="value_residual"/>
                            </page>
                            </notebook>
                            <field name="state" readonly="1"/>
                                <button name="%(wizard_asset_close)d" states="open" string="Close method" type="action"/>
                        </form>
                    </field>
                    <field name="state" readonly="1"/>
                    <group colspan="2" col="2">
                        <button name="validate" states="draft" string="Confirm asset" type="object"/>
                    </group>
                </page><page string="Entries">
                    <field name="entry_ids" colspan="4" nolabel="1"/>
                </page><page string="Other information">
                    <field name="date" select="2"/>
                    <field name="sequence"/>
                    <field name="partner_id" select="2"/>
                    <field name="localisation" select="2"/>
                    <field name="parent_id" select="2"/>
                    <field name="note" colspan="4" nolabel="1"/>
                </page>
                </notebook>
            </form>
        </field>
    </record>

    <record model="ir.ui.view" id="view_account_asset_property_history_form">
        <field name="name">account.asset.property.history.form</field>
        <field name="model">account.asset.property.history</field>
        <field name="type">form</field>
        <field name="arch" type="xml">
            <form string="Asset history">
                <field name="name" select="1"/>
                <field name="date" select="1"/>
                <field name="user_id" select="1"/>
                <field name="method_delay" select="2"/>
                <field name="method_period"/>
                <field name="method_end"/>
                <separator string="Notes" colspan="4"/>
                <field name="note" colspan="4" nolabel="1"/>
            </form>
        </field>
    </record>

    <record model="ir.ui.view" id="view_account_asset_property_history_tree">
        <field name="name">account.asset.property.history.tree</field>
        <field name="model">account.asset.property.history</field>
        <field name="type">tree</field>
        <field name="arch" type="xml">
            <tree string="Asset history">
                <field name="date" select="1"/>
                <field name="name" select="1"/>
                <field name="user_id" select="1"/>
                <field name="method_delay" select="2"/>
                <field name="method_period"/>
                <field name="method_end"/>
            </tree>
        </field>
    </record>





    <record model="ir.ui.view" id="view_account_asset_board_form">
        <field name="name">account.asset.board.form</field>
        <field name="model">account.asset.board</field>
        <field name="type">form</field>
        <field name="arch" type="xml">
            <form string="Asset board">
                <field name="name" select="1"/>
                <field name="asset_id" select="1"/>
                <field name="value_gross" select="2"/>
                <field name="value_asset"/>
                <field name="value_asset_cumul"/>
                <field name="value_net"/>
            </form>
        </field>
    </record>
    <record model="ir.ui.view" id="view_account_asset_board_tree">
        <field name="name">account.asset.board.tree</field>
        <field name="model">account.asset.board</field>
        <field name="type">tree</field>
        <field name="arch" type="xml">
            <tree string="Asset board">
                <field name="name"/>
                <field name="asset_id"/>
                <field name="value_gross"/>
                <field name="value_asset"/>
                <field name="value_asset_cumul"/>
                <field name="value_net"/>
            </tree>
        </field>
    </record>

    <record model="ir.ui.view" id="view_account_asset_asset_tree">
        <field name="name">account.asset.asset.tree</field>
        <field name="model">account.asset.asset</field>
        <field name="type">tree</field>
        <field name="field_parent">child_ids</field>
        <field name="arch" type="xml">
            <tree string="Assets">
                <field name="name"/>
                <field name="code"/>
                <field name="value_total"/>
                <field name="date"/>
                <field name="state"/>
            </tree>
        </field>
    </record>
    <record model="ir.actions.act_window" id="action_account_asset_asset_form">
        <field name="name">Asset</field>
        <field name="res_model">account.asset.asset</field>
        <field name="view_type">form</field>
    </record>
    <menuitem 
        parent="menu_finance_config_Assets" 
        id="menu_action_account_asset_asset_form"
        action="action_account_asset_asset_form"/>

    <record model="ir.actions.act_window" id="action_account_asset_asset_tree">
        <field name="name">Asset Hierarchy</field>
        <field name="res_model">account.asset.asset</field>
        <field name="view_type">tree</field>
        <field name="domain">[('parent_id','=',False)]</field>
        <field name="view_id" ref="view_account_asset_asset_tree"/>
    </record>
    <menuitem id="menu_finance_Assets" name="Assets" parent="account.menu_finance"/>
    <menuitem
        parent="menu_finance_Assets"
        id="menu_action_account_asset_asset_tree"
        action="action_account_asset_asset_tree"/>

    <record model="ir.actions.act_window" id="action_account_asset_asset_list">
        <field name="name">Assets</field>
        <field name="res_model">account.asset.asset</field>
        <field name="view_type">form</field>
        <field name="view_mode">form,tree</field>
    </record>
    <menuitem
        parent="menu_finance_Assets"
        id="menu_action_account_asset_asset_list"
        action="action_account_asset_asset_list"/>

    <record model="ir.actions.act_window" id="action_account_asset_asset_list_draft">
        <field name="name">Draft Assets</field>
        <field name="res_model">account.asset.asset</field>
        <field name="view_type">form</field>
        <field name="view_mode">tree,form</field>
        <field name="domain">[('state','=','draft')]</field>
    </record>
    <menuitem
        parent="menu_action_account_asset_asset_list"
        id="menu_action_account_asset_asset_list_draft"
        action="action_account_asset_asset_list_draft"/>

    <record model="ir.actions.act_window" id="action_account_asset_asset_list_normal">
        <field name="name">Open Assets</field>
        <field name="res_model">account.asset.asset</field>
        <field name="view_type">form</field>
        <field name="view_mode">tree,form</field>
        <field name="domain">[('state','=','normal')]</field>
    </record>
    <menuitem
        parent="menu_action_account_asset_asset_list"
        id="menu_action_account_asset_asset_list_normal"
        action="action_account_asset_asset_list_normal"/>




</data>
</openerp>
