<?xml version="1.0" encoding="utf-8"?>
<openerp>
    <data>

        <record id="view_tax_form" model="ir.ui.view">
            <field name="name">account.tax.form.expense_include</field>
            <field name="model">account.tax</field>
            <field name="inherit_id" ref="account.view_tax_form"/>
            <field name="type">form</field>
            <field name="arch" type="xml">
                 <field position="after" name="price_include" >
                    <field name="expense_include"/>
                 </field>
            </field>
        </record>

       <record id="view_partner_form" model="ir.ui.view">
            <field name="name">res.partner.form.expense_include</field>
            <field name="model">res.partner</field>
            <field name="inherit_id" ref="base.view_partner_form"/>
            <field name="arch" type="xml">
                 <field name="supplier" position="after" >
                      <field name="employee"/>
                 </field>
            </field>
        </record>

    </data>
</openerp>

